Year,Name,Salary
2010,Kobe Bryant,24806250
2010,Zach Randolph,17666666
2010,Vince Carter,17522375
2010,Dirk Nowitzki,17278618
2010,Carmelo Anthony,17149243
2010,Dwight Howard,16647180
2010,Kenyon Martin,16545454
2010,Amar'e Stoudemire,16486611
2010,Joe Johnson,16324500
2010,Elton Brand,15959099
2010,Chris Paul,14940153
2010,Rashard Lewis,19573711
2010,Deron Williams,14940153
2010,Chris Bosh,14500000
2010,LeBron James,14500000
2010,Jason Richardson,14444443
2010,Carlos Boozer,14400000
2010,Dwyane Wade,14200000
2010,Baron Davis,14000000
2010,Paul Pierce,13876321
2010,Andrew Bynum,13700000
2010,Rudy Gay,13603750
2010,Tim Duncan,18835381
2010,Brandon Roy,13603750
2010,Tony Parker,13500000
2010,Samuel Dalembert,13428129
2010,Antawn Jamison,13358905
2010,Nick Collison,13270000
2010,Chauncey Billups,13150000
2010,Al Jefferson,13000000
2010,Tyson Chandler,12600000
2010,Richard Hamilton,12500000
2010,Andre Iguodala,12345250
2010,Kevin Garnett,18832044
2010,Manu Ginobili,11854584
2010,Michael Redd,18300000
2010,Pau Gasol,17823000
2010,Andrei Kirilenko,17823000
2010,Gilbert Arenas,17730694
2010,Yao Ming,17686100
2010,Chris Kaman,11800000
2010,Marcus Camby,11749832
2010,Josh Smith,11700000
2010,Eddy Curry,11530592
2010,Emeka Okafor,11495000
2010,Nene Hilario,11360000
2010,Luol Deng,11345000
2010,LaMarcus Aldridge,11244000
2010,Tayshaun Prince,11148760
2010,Andrew Bogut,11000000
2010,Monta Ellis,11000000
2010,Danny Granger,10973202
2010,David Lee,10800000
2010,Jamal Crawford,10800000
2010,Ben Gordon,10800000
2010,Kevin Martin,10600005
2010,Mike Dunleavy,10561984
2010,Caron Butler,10561960
2010,Gerald Wallace,10500000
2010,Steve Nash,10310938
2010,Hedo Turkoglu,10215850
2010,Ray Allen,10000000
2010,Mehmet Okur,9945000
2010,Jason Terry,9873000
2010,Corey Maggette,9600000
2010,Cuttino Mobley,9500000
2010,Mo Williams,9300000
2010,Kirk Hinrich,9100000
2010,Rajon Rondo,9090911
2010,Andris Biedrins,9000000
2010,Boris Diaw,9000000
2010,Jose Calderon,9000000
2010,Devin Harris,8981000
2010,Jason Kidd,8610500
2010,Andrea Bargnani,8500000
2010,T.J. Ford,8500000
2010,Stephen Jackson,8453250
2010,Richard Jefferson,8400000
2010,David West,8287500
2010,Lamar Odom,8200000
2010,Brendan Haywood,6900000
2010,Nazr Mohammed,6883800
2010,Vladimir Radmanovic,6883800
2010,Andres Nocioni,6850000
2010,Greg Oden,6760524
2010,JR Smith,6757851
2010,Kendrick Perkins,6696720
2010,Morris Peterson,6665000
2010,Jeff Foster,6655000
2010,Jason Kapono,6641440
2010,Tyrus Thomas,6611570
2010,Jerome James,6600000
2010,Josh Childress,6500000
2010,Beno Udrih,6478600
2010,DeSagana Diop,6478600
2010,Mike James,6466600
2010,Trevor Ariza,6322320
2010,Metta World Peace,6322320
2010,Rasheed Wallace,6322320
2010,Marcin Gortat,6322320
2010,Kevin Durant,6053663
2010,John Salmons,8000000
2010,Mark Blount,7967375
2010,Jameer Nelson,7800000
2010,Luis Scola,7775378
2010,Joel Przybilla,7725470
2010,Paul Millsap,7600000
2010,Shane Battier,7354500
2010,Anderson Varejao,7281818
2010,Andre Miller,7269264
2010,Marvin Williams,7262500
2010,JJ Redick,7250000
2010,Dan Gadzuric,7248325
2010,James Posey,7148800
2010,Leandro Barbosa,7100000
2010,Marko Jaric,7100000
2010,Shawn Marion,7055500
2010,Charlie Villanueva,7020000
2010,Raymond Felton,7000000
2010,Travis Outlaw,7000000
2010,Andray Blatche,5904152
2010,Al Harrington,5765000
2010,Drew Gooden,5765000
2010,Wesley Matthews,5765000
2010,Kyle Lowry,5750000
2010,Derrick Rose,5546160
2010,Nenad Krstic,5543116
2010,Francisco Garcia,5500000
2010,Sasha Vujacic,5475113
2010,Al Horford,5444857
2010,Blake Griffin,5357280
2010,Mickael Pietrus,5300000
2010,Luke Walton,5260000
2010,Speedy Claxton,5209454
2010,Channing Frye,5200000
2010,John Wall,5144280
2010,Reggie Evans,5080000
2010,Jason Maxiell,5000000
2010,Kyle Korver,5000000
2010,Linas Kleiza,4995000
2010,Michael Beasley,4962240
2010,Mike Conley,4913077
2010,Antonio McDyess,4860000
2010,Marcus Banks,4847586
2010,Darius Songaila,4818000
2010,Martell Webster,4800000
2010,Hasheem Thabeet,4793280
2010,Ronnie Brewer,4790000
2010,Evan Turner,4602720
2010,Jarrett Jack,4600000
2010,Chris Andersen,4533300
2010,O.J. Mayo,4456200
2010,Jeff Green,4455988
2010,Charlie Bell,4447792
2010,Brad Miller,4400000
2010,Darko Milicic,4325000
2010,James Harden,4304520
2010,Matt Carroll,4300000
2010,Nikola Pekovic,4275000
2010,Zaza Pachulia,4251250
2010,Hakim Warrick,4250000
2010,Randy Foye,4250000
2010,Nate Robinson,4200000
2010,DeShawn Stevenson,4151786
2010,Derrick Favors,4133280
2010,Bruce Bowen,4100000
2010,Greg Buckner,4080915
2010,Yi Jianlian,4050499
2010,Russell Westbrook,4017720
2010,Daniel Gibson,4015334
2010,Ronny Turiaf,4000000
2010,Luke Ridnour,4000000
2010,Ryan Gomes,4000000
2010,Willie Green,3976000
2010,Ramon Sessions,3964320
2010,Tyreke Evans,3880920
2010,Corey Brewer,3875000
2010,Jordan Farmar,3750000
2010,Wesley Johnson,3726600
2010,CJ Miles,3700000
2010,Derek Fisher,3700000
2010,Kevin Love,3638280
2010,C.J. Watson,3600000
2010,Marc Gasol,3573333
2010,Timofey Mozgov,3567096
2010,Dorell Wright,3540000
2010,Chris Duhon,3500000
2010,Udonis Haslem,3500000
2010,Shaun Livingston,3500000
2010,Tiago Splitter,3400000
2010,Brandan Wright,3398072
2010,DeMarcus Cousins,3374640
2010,Danilo Gallinari,3304560
2010,Joel Anthony,3300000
2010,Kelenna Azubuike,3300000
2010,Thabo Sefolosha,3250000
2010,Will Bynum,3250000
2010,Johan Petro,3250000
2010,Grant Hill,3240000
2010,Kris Humphries,3200000
2010,Jonny Flynn,3192000
2010,Joakim Noah,3128536
2010,Ekpe Udoh,3065040
2010,Matt Bonner,3050000
2010,Eric Gordon,3016680
2010,Glen Davis,3000004
2010,Raja Bell,3000000
2010,Jamario Moon,3000000
2010,Eduardo Najera,3000000
2010,Tony Allen,3000000
2010,Chris Wilcox,3000000
2010,Spencer Hawes,2974320
2010,Stephen Curry,2913840
2010,Thaddeus Young,2901241
2010,Julian Wright,2858057
2010,Anthony Parker,2855769
2010,Mark Madsen,2840000
2010,Greg Monroe,2798040
2010,Rodney Stuckey,2767126
2010,Sebastian Telfair,2700000
2010,Jordan Hill,2669520
2010,Nick Young,2630503
2010,Al-Farouq Aminu,2563320
2010,D.J. Augustin,2540000
2010,Maurice Evans,2500000
2010,Dahntay Jones,2500000
2010,David Andersen,2500000
2010,DeMar DeRozan,2453880
2010,Brook Lopez,2413320
2010,Ricky Davis,2400000
2010,Marquis Daniels,2388000
2010,Marco Belinelli,2380270
2010,Gordon Hayward,2356320
2010,Ryan Hollins,2333333
2010,Brandon Jennings,2331120
2010,Ersan Ilyasova,2320500
2010,Craig Smith,2300000
2010,Jerryd Bayless,2292600
2010,Quentin Richardson,2265000
2010,Paul George,2238360
2010,Lou Amundson,2225000
2010,Terrence Williams,2214480
2010,Anthony Tolliver,2200000
2010,Jason Smith,2187913
2010,Jason Thompson,2178000
2010,Daequan Cook,2169857
2010,Jared Dudley,2151068
2010,Shannon Brown,2149200
2010,Wilson Chandler,2130482
2010,Cole Aldrich,2126520
2010,Gerald Henderson,2103840
2010,Keyon Dooling,2080000
2010,Ben Wallace,2080000
2010,Brandon Rush,2069040
2010,Anthony Johnson,2062800
2010,Brent Barry,2062800
2010,Xavier Henry,2020200
2010,Aaron Brooks,2016692
2010,Tyler Hansbrough,1998600
2010,Rasho Nesterovic,1990000
2010,Chuck Hayes,1972500
2010,Goran Dragic,1972000
2010,Anthony Randolph,1965720
2010,Arron Afflalo,1959577
2010,Ed Davis,1919160
2010,Earl Clark,1898760
2010,Robin Lopez,1867320
2010,Patrick Patterson,1823280
2010,Dikembe Mutombo,1823280
2010,J.J. Barea,1815000
2010,Austin Daye,1803720
2010,Kurt Thomas,1800000
2010,Marreese Speights,1773960
2010,Matt Barnes,1765000
2010,Larry Sanders,1731960
2010,Omer Asik,1721000
2010,James Johnson,1713600
2010,Roy Hibbert,1685280
2010,Renaldo Balkman,1675000
2010,Luke Babbitt,1645440
2010,Sean Williams,1629120
2010,Jrue Holiday,1627920
2010,JaVale McGee,1601040
2010,Hamed Haddadi,1600000
2010,Keith Bogans,1600000
2010,Kevin Seraphin,1563120
2010,Ty Lawson,1546560
2010,JJ Hickson,1528920
2010,Solomon Jones,1500000
2010,Eric Bledsoe,1485000
2010,Jeff Teague,1476840
2010,Alexis Ajinca,1467840
2010,Avery Bradley,1418160
2010,Eric Maynor,1417800
2010,Ryan Anderson,1409040
2010,Roger Mason Jr.,1400000
2010,Ronnie Price,1381250
2010,James Anderson,1361400
2010,Darren Collison,1361040
2010,Courtney Lee,1352640
2010,Eddie House,1352181
2010,Zydrunas Ilgauskas,1352181
2010,Shaquille O'Neal,1352181
2010,Roko-Leni Ukic,1350000
2010,Craig Brackins,1306920
2010,Kosta Koufos,1298640
2010,Elliot Williams,1254720
2010,Omri Casspi,1254480
2010,Rudy Fernandez,1246680
2010,Trevor Booker,1204560
2010,Serge Ibaka,1204200
2010,Byron Mullens,1204200
2010,Royal Ivey,1200000
2010,Nicolas Batum,1196760
2010,Damion James,1156320
2010,Rodrigue Beaubois,1156080
2010,Brian Cook,1146337
2010,James Jones,1146337
2010,Darrell Arthur,1123680
2010,Taj Gibson,1117680
2010,Dominique Jones,1110120
2010,D.J. White,1108680
2010,Kyrylo Fesenko,1087500
2010,DeMarre Carroll,1085400
2010,Wayne Ellington,1078800
2010,Quincy Pondexter,1073280
2010,Alando Tucker,1071720
2010,Toney Douglas,1071000
2010,Jordan Crawford,1042320
2010,Greivis Vasquez,1035960
2010,Quinton Ross,1033342
2010,James Singleton,1030189
2010,Jawad Williams,1029389
2010,Aaron Gray,1028840
2010,Daniel Orton,1028400
2010,Christian Eyenga,1020960
2010,Lazar Hayward,1020960
2010,Jon Brockman,1000000
2010,Stephen Graham,992680
2010,Joey Graham,992680
2010,Patty Mills,937195
2010,Donte Greene,930700
2010,DeJuan Blair,918000
2010,Sam Young,886000
2010,Ian Mahinmi,885120
2010,Pops Mensah-Bonsu,885120
2010,Alexander Johnson,885120
2010,Josh McRoberts,885120
2010,Salim Stoudamire,884881
2010,Marcus Haislip,855189
2010,Quincy Douby,855189
2010,Mouhamed Sene,855189
2010,Tarence Kinsey,855189
2010,Malik Hairston,854389
2010,Dwayne Jones II,854389
2010,Darius Miles,854389
2010,Javaris Crittenton,854389
2010,Mario Chalmers,854389
2010,Kyle Weaver,854389
2010,Antoine Wright,854389
2010,Etan Thomas,854389
2010,Mikki Moore,825497
2010,Kareem Rush,825497
2010,Paul Davis,825497
2010,Kevin Ollie,825497
2010,Ryan Bowen,825497
2010,Gabe Pruitt,825497
2010,Chris Quinn,804131
2010,Sean Marks,799105
2010,Chase Budinger,780871
2010,Jermaine Taylor,780871
2010,Derrick Brown,762195
2010,Dante Cunningham,762195
2010,Darryl Watkins,762195
2010,Brian Butch,762195
2010,Tony Gaffney,762195
2010,Greg Stiemsma,762195
2010,Jodie Meeks,762195
2010,Curtis Jerrells,762195
2010,Oliver Lafayette,762195
2010,Lance Stephenson,750000
2010,Mike Taylor,736420
2010,Dontell Jefferson,736420
2010,Joe Crawford,736420
2010,Othello Hunter,736420
2010,Hassan Whiteside,730437
2010,Erick Dampier,713666
2010,Ime Udoka,708640
2010,Mike Wilks,679821
2010,Solomon Alabi,670000
2010,Brian Skinner,668434
2010,Allen Iverson,650686
2010,Alonzo Gee,641141
2010,Acie Law,633253
2010,Andy Rautins,600000
2010,Ike Diogu,567917
2010,Gary Neal,525000
2010,Jason Williams,524964
2010,Lester Hudson,515603
2010,Willie Warren,500000
2010,Samardo Samuels,500000
2010,Damien Wilkins,482478
2010,Patrick Beverley,473604
2010,Gani Lawal,473604
2010,Garret Siler,473604
2010,Sherron Collins,473604
2010,Landry Fields,473604
2010,Ish Smith,473604
2010,Gary Forbes,473604
2010,Semih Erden,473604
2010,Jeremy Evans,473604
2010,Dexter Pittman,473604
2010,Derrick Byars,457588
2010,Deron Washington,457588
2010,Peja Stojakovic,402065
2010,Steve Novak,306575
2010,Mustafa Shakur,226162
2010,Jared Jeffries,221136
2010,Mike Bibby,216110
2010,Troy Murphy,216110
2010,Dominic McGuire,211084
2010,Sasha Pavlovic,211084
2010,Rasual Butler,211084
2010,Al Thornton,211084
2010,Travis Diener,208802
2010,Leon Powe,201033
2010,Carlos Arroyo,196007
2010,Zabian Dowdell,186656
2010,Jannero Pargo,168579
2010,Jeff Adrien,133723
2010,John Lucas III,130165
2010,Danny Green,130022
2010,Da'Sean Butler,125000
2010,Sundiata Gaines,112088
2010,Chris Johnson,88363
2010,Garrett Temple,80703
2010,Cedric Jackson,40375
2010,Othyus Jeffers,35868
2010,Patrick Ewing Jr.,25073
2010,Marcus Cousin,25000
2010,Larry Owens,22287
2010,Mario West,20103
2010,Marqus Blakely,15000
2010,Robert Vaden,13930
2010,Earl Barron,11679
2010,Trey Johnson,8967
2010,Magnum Rolle,8358
2011,Kobe Bryant,25244493
2011,Dwight Howard,18091770
2011,Joe Johnson,18038573
2011,Andrei Kirilenko,17823000
2011,Chris Bosh,17545000
2011,LeBron James,17545000
2011,Chris Paul,16359805
2011,Deron Williams,16359805
2011,Dwyane Wade,15691000
2011,Kevin Durant,15506632
2011,Paul Pierce,15333334
2011,Kevin Garnett,21247044
2011,Zach Randolph,15200000
2011,Antawn Jamison,15076715
2011,Rudy Gay,15032144
2011,Brandon Roy,15032144
2011,Al Jefferson,15000000
2011,Andrew Bynum,14900000
2011,Andre Iguodala,14718250
2011,Manu Ginobili,14107492
2011,Chris Kaman,14030000
2011,LaMarcus Aldridge,14000000
2011,Tim Duncan,21164619
2011,Carlos Boozer,13500000
2011,Tyson Chandler,13107837
2011,Nene Hilario,13000000
2011,Marc Gasol,12922194
2011,Emeka Okafor,12642500
2011,Tony Parker,12500000
2011,Al Horford,12498483
2011,Josh Smith,12400000
2011,Luol Deng,12325000
2011,Danny Granger,12015904
2011,Rashard Lewis,21136631
2011,Joakim Noah,12000000
2011,Dirk Nowitzki,19092873
2011,Pau Gasol,18714150
2011,Carmelo Anthony,18518574
2011,Amar'e Stoudemire,18217705
2011,Elton Brand,18160355
2011,Andrew Bogut,12000000
2011,Steve Nash,11689062
2011,David Lee,11610000
2011,Ben Gordon,11600000
2011,Kevin Martin,11519840
2011,Marcus Camby,11227250
2011,Jason Terry,11158000
2011,Hedo Turkoglu,11015850
2011,Monta Ellis,11000000
2011,Mehmet Okur,10890000
2011,Jose Calderon,10561982
2011,Corey Maggette,10262069
2011,Jason Kidd,10121000
2011,DeAndre Jordan,10079404
2011,Rajon Rondo,10045454
2011,Ray Allen,10000000
2011,Andrea Bargnani,10000000
2011,David West,10000000
2011,Gerald Wallace,9500000
2011,Cuttino Mobley,9500000
2011,Devin Harris,9319000
2011,Richard Jefferson,9282000
2011,Andris Biedrins,9000000
2011,Lamar Odom,8900000
2011,Paul Millsap,8603633
2011,Jameer Nelson,8600000
2011,Luis Scola,8591793
2011,Carl Landry,8500000
2011,Rodney Stuckey,8500000
2011,Mo Williams,8500000
2011,John Salmons,8083000
2011,Thaddeus Young,8039130
2011,Shawn Marion,8022449
2011,Kris Humphries,8000000
2011,Caron Butler,8000000
2011,Kirk Hinrich,8000000
2011,Mark Blount,7967375
2011,Andre Miller,7807728
2011,Arron Afflalo,7750000
2011,Anderson Varejao,7700000
2011,Morris Peterson,6665000
2011,Andres Nocioni,6650000
2011,Mike Conley,6611571
2011,Jerome James,6600000
2011,Wesley Matthews,6505320
2011,Grant Hill,6500000
2011,Josh Childress,6500000
2011,Andray Blatche,6442083
2011,Rasheed Wallace,6322320
2011,Glen Davis,6300000
2011,Tayshaun Prince,6292135
2011,Michael Beasley,6262347
2011,Al Harrington,6226200
2011,Drew Gooden,6226200
2011,Jermaine O'Neal,6226200
2011,Francisco Garcia,6100000
2011,Amir Johnson,6000000
2011,Channing Frye,6000000
2011,Luke Walton,5971363
2011,Kyle Lowry,5750000
2011,Blake Griffin,5731080
2011,Brendan Haywood,7624500
2011,Leandro Barbosa,7600000
2011,James Posey,7595600
2011,Raymond Felton,7560000
2011,Charlie Villanueva,7540000
2011,Marcus Thornton,7525000
2011,Marvin Williams,7500000
2011,Tyrus Thomas,7305785
2011,Marcin Gortat,7258960
2011,Kendrick Perkins,7123626
2011,Marko Jaric,7100000
2011,Samuel Dalembert,7000000
2011,Derrick Rose,6993708
2011,Beno Udrih,6925400
2011,DeSagana Diop,6925400
2011,Trevor Ariza,6790640
2011,Metta World Peace,6790640
2011,JJ Redick,6750000
2011,Kwame Brown,6750000
2011,O.J. Mayo,5632637
2011,Nenad Krstic,5543116
2011,John Wall,5530080
2011,Wilson Chandler,5516664
2011,Chuck Hayes,5486250
2011,Sasha Vujacic,5475113
2011,Mike Miller,5400000
2011,Jason Richardson,5395000
2011,Evan Turner,5293080
2011,Martell Webster,5256000
2011,Tyreke Evans,5251825
2011,Antonio McDyess,5220000
2011,Speedy Claxton,5209454
2011,Lou Williams,5176000
2011,Kyrie Irving,5144280
2011,Hasheem Thabeet,5127720
2011,Russell Westbrook,5082416
2011,Jamal Crawford,5000000
2011,Jason Maxiell,5000000
2011,Jarrett Jack,5000000
2011,Marcus Banks,4847586
2011,Darius Songaila,4818000
2011,Darko Milicic,4776500
2011,Derrick Favors,4753320
2011,Brad Miller,4752000
2011,Zaza Pachulia,4750000
2011,Ronnie Brewer,4710000
2011,Kevin Love,4609701
2011,James Harden,4604760
2011,Derrick Williams,4602720
2011,Linas Kleiza,4600000
2011,Nikola Pekovic,4503600
2011,Jonas Jerebko,4500000
2011,Jeff Green,4455988
2011,Daniel Gibson,4403834
2011,Enes Kanter,4319280
2011,J.J. Barea,4300000
2011,Ramon Sessions,4257973
2011,Randy Foye,4250000
2011,Jared Dudley,4250000
2011,Brandon Bass,4250000
2011,Chris Andersen,4234000
2011,Danilo Gallinari,4190182
2011,Bruce Bowen,4100000
2011,Charlie Bell,4099920
2011,Greg Buckner,4080915
2011,Udonis Haslem,4060000
2011,Spencer Hawes,4051024
2011,Wesley Johnson,4006080
2011,Jordan Farmar,4000000
2011,Mario Chalmers,4000000
2011,Ryan Gomes,4000000
2011,Tiago Splitter,3944000
2011,Matt Carroll,3900000
2011,DeMarcus Cousins,3880800
2011,Eric Gordon,3831184
2011,Dorell Wright,3823000
2011,Nazr Mohammed,3750000
2011,Mike Dunleavy,3750000
2011,Tristan Thompson,3726600
2011,CJ Miles,3700000
2011,Joel Anthony,3700000
2011,Nick Young,3695857
2011,Luke Ridnour,3680000
2011,Matt Bonner,3630000
2011,Shannon Brown,3500000
2011,Shaun Livingston,3500000
2011,Ricky Rubio,3480120
2011,Raja Bell,3480000
2011,Jonny Flynn,3414720
2011,C.J. Watson,3400000
2011,Marco Belinelli,3377604
2011,DeMar DeRozan,3344250
2011,Timofey Mozgov,3343896
2011,Daequan Cook,3341558
2011,Thabo Sefolosha,3300000
2011,Ekpe Udoh,3294960
2011,Nick Collison,3272997
2011,Chris Duhon,3250000
2011,Johan Petro,3250000
2011,D.J. Augustin,3236470
2011,Tony Allen,3150000
2011,Shawne Williams,3135000
2011,Shane Battier,3135000
2011,Stephen Curry,3117120
2011,Brook Lopez,3076983
2011,Jan Vesely,3065040
2011,Corey Brewer,3059000
2011,Jerryd Bayless,3042280
2011,Greg Monroe,3007920
2011,Jason Thompson,3001284
2011,Travis Outlaw,3000000
2011,Josh McRoberts,3000000
2011,Vince Carter,3000000
2011,Brandon Rush,2956658
2011,Anthony Randolph,2911231
2011,Robin Lopez,2862602
2011,Julian Wright,2858057
2011,Jordan Hill,2855760
2011,Mark Madsen,2840000
2011,James Johnson,2812006
2011,Bismack Biyombo,2798040
2011,Lou Amundson,2763450
2011,Al-Farouq Aminu,2755560
2011,Eduardo Najera,2750000
2011,Marreese Speights,2721255
2011,Gordon Hayward,2709720
2011,Dahntay Jones,2700000
2011,David Andersen,2685185
2011,Jrue Holiday,2674852
2011,Roy Hibbert,2588590
2011,Brandon Knight,2563320
2011,Ersan Ilyasova,2541000
2011,Jason Smith,2500000
2011,Kenyon Martin,2500000
2011,DeShawn Stevenson,2500000
2011,Brandon Jennings,2493720
2011,JaVale McGee,2462400
2011,Quentin Richardson,2446200
2011,Paul George,2406240
2011,Ricky Davis,2400000
2011,Kemba Walker,2356320
2011,JJ Hickson,2354537
2011,Jimmer Fredette,2339040
2011,JR Smith,2338709
2011,Derek Fisher,2329545
2011,Cole Aldrich,2286000
2011,Gerald Henderson,2250600
2011,Anthony Parker,2250000
2011,Keyon Dooling,2246400
2011,Ben Wallace,2246400
2011,Ryan Anderson,2244601
2011,Courtney Lee,2225093
2011,Ed Davis,2207040
2011,Kosta Koufos,2203792
2011,Rudy Fernandez,2180443
2011,Xavier Henry,2171640
2011,Nicolas Batum,2155365
2011,Josh Howard,2150000
2011,Tyler Hansbrough,2138040
2011,Klay Thompson,2126520
2011,Alec Burks,2111160
2011,Goran Dragic,2108000
2011,Anthony Johnson,2062800
2011,Brent Barry,2062800
2011,Anthony Tolliver,2050000
2011,Darrell Arthur,2027119
2011,Aaron Brooks,2016692
2011,Markieff Morris,2005560
2011,D.J. White,2001167
2011,Chauncey Billups,2000032
2011,Dante Cunningham,2000000
2011,Earl Watson,2000000
2011,Rasho Nesterovic,1990000
2011,Patrick Patterson,1959960
2011,Austin Daye,1929600
2011,Matt Barnes,1906200
2011,Luke Babbitt,1892280
2011,Larry Sanders,1861920
2011,Omer Asik,1857500
2011,Dikembe Mutombo,1823280
2011,Marcus Morris,1823280
2011,Kawhi Leonard,1809840
2011,Keith Bogans,1728000
2011,Nikola Vucevic,1719480
2011,Kevin Seraphin,1680360
2011,Donte Greene,1679914
2011,Renaldo Balkman,1675000
2011,Ty Lawson,1654440
2011,Eric Bledsoe,1596360
2011,Jeff Teague,1579920
2011,Sebastian Telfair,1567500
2011,Gustavo Ayon,1567500
2011,Iman Shumpert,1563120
2011,George Hill,1540493
2011,Avery Bradley,1524480
2011,Eric Maynor,1516680
2011,Greg Oden,1500000
2011,Gary Forbes,1500000
2011,James Jones,1500000
2011,Chris Singleton,1485000
2011,Alexis Ajinca,1467840
2011,Darren Collison,1455960
2011,Elliot Williams,1442880
2011,Tobias Harris,1418160
2011,Craig Brackins,1404960
2011,James Anderson,1402540
2011,Eddie House,1399507
2011,Zydrunas Ilgauskas,1399507
2011,Nolan Smith,1365720
2011,Kurt Thomas,1352181
2011,Jamaal Tinsley,1352181
2011,Shaquille O'Neal,1352181
2011,Roko-Leni Ukic,1350000
2011,Omri Casspi,1341960
2011,Hamed Haddadi,1300000
2011,Trevor Booker,1294920
2011,Serge Ibaka,1288200
2011,Byron Mullens,1288200
2011,Kenneth Faried,1254720
2011,Damion James,1243080
2011,Rodrigue Beaubois,1236720
2011,Brian Cook,1223166
2011,Royal Ivey,1200000
2011,Taj Gibson,1195680
2011,Dominique Jones,1193280
2011,Sam Young,1184750
2011,Earl Clark,1160000
2011,Reggie Jackson,1156320
2011,Wayne Ellington,1154040
2011,Quincy Pondexter,1153800
2011,Toney Douglas,1145640
2011,Jordan Hamilton,1121520
2011,Jordan Crawford,1120440
2011,Greivis Vasquez,1113600
2011,Stephen Graham,1106941
2011,Joey Graham,1106941
2011,Daniel Orton,1105560
2011,Christian Eyenga,1097520
2011,Lazar Hayward,1097520
2011,Norris Cole,1082520
2011,Cory Joseph,1074720
2011,Alando Tucker,1071720
2011,Von Wafer,1069509
2011,MarShon Brooks,1063865
2011,Stephen Jackson,1059750
2011,DeJuan Blair,1054000
2011,JaJuan Johnson,1042320
2011,Quinton Ross,1033342
2011,Jawad Williams,1029389
2011,Earl Barron,1027424
2011,Jimmy Butler,1020960
2011,Jeremy Pargo,1000000
2011,Jon Brockman,1000000
2011,Shavlik Randolph,992680
2011,Ian Mahinmi,915852
2011,John Lucas III,915852
2011,Brandan Wright,915852
2011,Henry Walker,885120
2011,DeMarre Carroll,885120
2011,Pops Mensah-Bonsu,885120
2011,Salim Stoudamire,884881
2011,Patrick Ewing Jr.,884293
2011,Anthony Roberson,855189
2011,Mouhamed Sene,855189
2011,Quincy Douby,855189
2011,Tarence Kinsey,855189
2011,Francisco Elson,854389
2011,Trey Johnson,854389
2011,Luke Jackson,854389
2011,Derrick Byars,854389
2011,Kyle Weaver,854389
2011,Jannero Pargo,854389
2011,Darius Miles,854389
2011,Javaris Crittenton,854389
2011,Joe Alexander,854389
2011,Gary Neal,854389
2011,Chandler Parsons,850000
2011,Solomon Alabi,830000
2011,Michael Redd,826828
2011,Desmond Mason,825497
2011,Paul Davis,825497
2011,Jason Hart,825497
2011,Jermareo Davidson,825497
2011,Kevin Ollie,825497
2011,Ryan Bowen,825497
2011,Gabe Pruitt,825497
2011,Lance Stephenson,810000
2011,Tyler Honeycutt,809875
2011,Chris Quinn,804131
2011,Sean Marks,799105
2011,Ike Diogu,792377
2011,Solomon Jones,792377
2011,Gani Lawal,788872
2011,Da'Sean Butler,788872
2011,Marcus Cousin,788872
2011,Andy Rautins,788872
2011,Zabian Dowdell,788872
2011,Terrico White,788872
2011,Pape Sy,788872
2011,Magnum Rolle,788872
2011,Nate Robinson,785487
2011,Jermaine Taylor,780871
2011,Yi Jianlian,771706
2011,Hamady Ndiaye,762195
2011,Kenny Hasbrouck,762195
2011,Tony Gaffney,762195
2011,Greg Stiemsma,762195
2011,Brian Butch,762195
2011,Derrick Caracter,762195
2011,Samardo Samuels,762195
2011,Semih Erden,762195
2011,Dexter Pittman,762195
2011,Joe Crawford,736420
2011,Mike Taylor,736420
2011,Walter Sharpe,736420
2011,DeMarcus Nelson,736420
2011,Dontell Jefferson,736420
2011,Othello Hunter,736420
2011,Ime Udoka,708640
2011,Mike Wilks,679821
2011,Brian Skinner,668434
2011,Allen Iverson,650686
2011,Jeremy Tyler,650000
2011,Acie Law,633253
2011,Josh Selby,550000
2011,Trey Thompkins,535000
2011,Erick Dampier,530547
2011,Jason Williams,524964
2011,Ish Smith,522472
2011,Travis Leslie,500000
2011,Malcolm Lee,500000
2011,Ryan Reid,475000
2011,Pooh Jeter,473604
2011,Charles Jenkins,473604
2011,Shelvin Mack,473604
2011,Lavoy Allen,473604
2011,Josh Harrellson,473604
2011,Cory Higgins,473604
2011,Sherron Collins,473604
2011,Chris Wright,473604
2011,Jon Leuer,473604
2011,Carldell Johnson,473604
2011,Marcus Landry,457588
2011,Trey Gilder,457588
2011,Deron Washington,457588
2011,Kyrylo Fesenko,435000
2011,Joel Przybilla,420304
2011,Gerald Green,413413
2011,Peja Stojakovic,402065
2011,Walker Russell,374300
2011,Ronny Turiaf,319128
2011,Lance Thomas,305551
2011,Kelenna Azubuike,280192
2011,Gilbert Arenas,261829
2011,Terrence Williams,254938
2011,Manny Harris,252016
2011,Ryan Hollins,248048
2011,Boris Diaw,241158
2011,Bobby Simmons,234268
2011,Mustafa Shakur,226162
2011,Earl Boykins,220487
2011,Mike James,220487
2011,Alan Anderson,213597
2011,Patty Mills,213517
2011,Al Thornton,211084
2011,Travis Diener,208802
2011,Leon Powe,201033
2011,Cartier Martin,199816
2011,Carlos Arroyo,196007
2011,Ben Uzoh,190548
2011,Donald Sloan,160414
2011,Courtney Fortson,156595
2011,James Singleton,151585
2011,Mickell Gladness,137498
2011,Blake Ahearn,117134
2011,Armon Johnson,104494
2011,Jamario Moon,96017
2011,Garrett Temple,80703
2011,Morris Almond,75793
2011,Mikki Moore,75793
2011,Dan Gadzuric,69393
2011,Jerome Dyson,64930
2011,Diamon Simpson,57291
2011,Darryl Watkins,55321
2011,Sean Williams,49966
2011,Lester Hudson,48232
2011,Cedric Jackson,40375
2011,Jeff Foote,38194
2011,Othyus Jeffers,35868
2011,D.J. Kennedy,22916
2011,Larry Owens,22287
2011,Mario West,20103
2011,Xavier Silas,11458
2012,Kobe Bryant,30453805
2012,Chris Paul,18668431
2012,Kevin Durant,17832626
2012,Derrick Rose,17632688
2012,Deron Williams,17177795
2012,Andrew Bynum,16889000
2012,Paul Pierce,16790345
2012,Zach Randolph,16500000
2012,Rudy Gay,16460538
2012,Carlos Boozer,15300000
2012,Andre Iguodala,14968250
2012,Dirk Nowitzki,20907128
2012,Russell Westbrook,14693906
2012,Emeka Okafor,14487500
2012,Luol Deng,14275000
2012,Manu Ginobili,14107492
2012,Marc Gasol,13891359
2012,Blake Griffin,13701250
2012,Brook Lopez,13668750
2012,Kevin Love,13668750
2012,Tyson Chandler,13604188
2012,LaMarcus Aldridge,13500000
2012,Amar'e Stoudemire,19948799
2012,Al Jefferson,13500000
2012,Ben Gordon,13200000
2012,Josh Smith,13200000
2012,Danny Granger,13058606
2012,Andrew Bogut,13000000
2012,Nene Hilario,13000000
2012,David Lee,12744000
2012,Tony Parker,12500000
2012,Kevin Martin,12439675
2012,Serge Ibaka,12350000
2012,Joe Johnson,19752645
2012,Kris Humphries,12000000
2012,Carmelo Anthony,19444503
2012,Pau Gasol,19285850
2012,Chris Bosh,19067500
2012,LeBron James,19067500
2012,Dwyane Wade,18673000
2012,Al Horford,12000000
2012,Kevin Garnett,11566265
2012,Joakim Noah,11100000
2012,Jose Calderon,11046591
2012,Rajon Rondo,11000000
2012,Monta Ellis,11000000
2012,DeAndre Jordan,10986550
2012,Corey Maggette,10924138
2012,Mehmet Okur,10890000
2012,Nicolas Batum,10850000
2012,Richard Jefferson,10164000
2012,Stephen Jackson,10059750
2012,JaVale McGee,10000000
2012,Andrea Bargnani,10000000
2012,David West,10000000
2012,Andrei Kirilenko,9779349
2012,Gerald Wallace,9682435
2012,Tim Duncan,9638554
2012,Cuttino Mobley,9500000
2012,Danilo Gallinari,9439000
2012,Steve Nash,9300500
2012,Andris Biedrins,9000000
2012,Ryan Anderson,8700000
2012,Shawn Marion,8646364
2012,Paul Millsap,8603633
2012,Jameer Nelson,8600000
2012,Mo Williams,8500000
2012,Rodney Stuckey,8500000
2012,Devin Harris,8500000
2012,Kendrick Perkins,8477437
2012,Jeff Green,8385000
2012,Omer Asik,8374646
2012,Jeremy Lin,8374646
2012,Anderson Varejao,8368182
2012,Thaddeus Young,8289130
2012,Marvin Williams,8287500
2012,John Salmons,8083000
2012,Charlie Villanueva,8060000
2012,Tyrus Thomas,8000000
2012,George Hill,8000000
2012,Andres Nocioni,6650000
2012,Jerome James,6600000
2012,Wesley Matthews,6505320
2012,Spencer Hawes,6500000
2012,Glen Davis,6400000
2012,Channing Frye,6400000
2012,Landry Fields,6250000
2012,Mike Miller,6200000
2012,Francisco Garcia,6100000
2012,Luke Walton,6091363
2012,Amir Johnson,6050000
2012,Michael Beasley,6000000
2012,Brandon Bass,6000000
2012,Wilson Chandler,5930414
2012,James Harden,5820417
2012,Jason Richardson,5799625
2012,Kyle Lowry,5750000
2012,Nick Young,5600000
2012,Chuck Hayes,5486250
2012,Sasha Vujacic,5475113
2012,Jarrett Jack,5400000
2012,Mark Blount,7967375
2012,Ersan Ilyasova,7900000
2012,Arron Afflalo,7750000
2012,Metta World Peace,7727500
2012,Trevor Ariza,7727280
2012,Marcin Gortat,7727280
2012,James Posey,7595600
2012,Marcus Thornton,7525000
2012,Mike Conley,7505786
2012,Goran Dragic,7500000
2012,John Wall,7459925
2012,Taj Gibson,7415730
2012,Beno Udrih,7372000
2012,Al Harrington,7148600
2012,Tayshaun Prince,6764045
2012,JJ Redick,6750000
2012,Samuel Dalembert,6698565
2012,Drew Gooden,6687400
2012,Morris Peterson,6665000
2012,Kyrie Irving,5375760
2012,Evan Turner,5293080
2012,Tyreke Evans,5250825
2012,Jason Thompson,5250000
2012,Zaza Pachulia,5248750
2012,Jamal Crawford,5225000
2012,Antonio McDyess,5220000
2012,Speedy Claxton,5209454
2012,Martell Webster,5150000
2012,Anthony Davis,5144280
2012,Brad Miller,5104000
2012,Brandon Roy,5100000
2012,Lou Williams,5000000
2012,Andre Miller,5000000
2012,Jason Maxiell,5000000
2012,Richard Hamilton,5000000
2012,Robin Lopez,4899293
2012,Marcus Banks,4847586
2012,Nikola Pekovic,4837200
2012,Darius Songaila,4818000
2012,Michael Kidd-Gilchrist,4809840
2012,Derrick Williams,4809840
2012,Luc Mbah a Moute,4794192
2012,Daniel Gibson,4792332
2012,Victor Oladipo,4763760
2012,Derrick Favors,4753320
2012,Linas Kleiza,4600000
2012,Marcus Camby,4590338
2012,Luis Scola,4508504
2012,Boris Diaw,4500000
2012,Jonas Jerebko,4500000
2012,J.J. Barea,4493500
2012,Udonis Haslem,4340000
2012,Bradley Beal,4319280
2012,Enes Kanter,4319280
2012,Wesley Johnson,4285560
2012,Otto Porter Jr.,4278000
2012,Jordan Farmar,4250000
2012,Jared Dudley,4250000
2012,Marreese Speights,4200000
2012,Dorell Wright,4106000
2012,Bruce Bowen,4100000
2012,Charlie Bell,4099920
2012,Greg Buckner,4080915
2012,Kirk Hinrich,4059000
2012,Steve Novak,4054055
2012,O.J. Mayo,4020000
2012,JJ Hickson,4000000
2012,Ian Mahinmi,4000000
2012,Mario Chalmers,4000000
2012,Luke Ridnour,4000000
2012,Ryan Gomes,4000000
2012,Stephen Curry,3958742
2012,Tiago Splitter,3944000
2012,Thabo Sefolosha,3900000
2012,Tristan Thompson,3894240
2012,DeMarcus Cousins,3880800
2012,Cody Zeller,3857040
2012,Joel Anthony,3800000
2012,Ricky Rubio,3741120
2012,Dion Waiters,3726600
2012,Matt Bonner,3630000
2012,Jordan Hill,3563600
2012,Ekpe Udoh,3524880
2012,Chris Duhon,3500000
2012,Alonzo Gee,3500000
2012,Danny Green,3500000
2012,Matt Carroll,3500000
2012,Johan Petro,3500000
2012,Raymond Felton,3480453
2012,Raja Bell,3480000
2012,Jonas Valanciunas,3374640
2012,Thomas Robinson,3374640
2012,DeMar DeRozan,3344250
2012,Jan Vesely,3340920
2012,Tony Allen,3300000
2012,Shane Battier,3270000
2012,Matt Barnes,3250000
2012,Will Bynum,3250000
2012,Corey Brewer,3243000
2012,Ray Allen,3229050
2012,Greg Monroe,3217680
2012,Mike Dunleavy,3183000
2012,Brandon Jennings,3179493
2012,Timofey Mozgov,3140429
2012,Shawne Williams,3135000
2012,Mirza Teletovic,3090000
2012,Jason Kidd,3090000
2012,Vince Carter,3090000
2012,Damian Lillard,3065040
2012,Tyler Hansbrough,3055259
2012,Bismack Biyombo,3049920
2012,Joel Freeland,3013512
2012,Darrell Arthur,3006217
2012,Lavoy Allen,3000000
2012,Carlos Delfino,3000000
2012,Kosta Koufos,3000000
2012,Jeff Foster,3000000
2012,Austin Daye,2958077
2012,Al-Farouq Aminu,2947800
2012,Alexey Shved,2934610
2012,Dahntay Jones,2900000
2012,Julian Wright,2858057
2012,Mark Madsen,2840000
2012,Kwame Brown,2819044
2012,James Johnson,2812006
2012,JR Smith,2806452
2012,Harrison Barnes,2798040
2012,Kevin Seraphin,2761114
2012,Eduardo Najera,2750000
2012,Gordon Hayward,2709720
2012,David Andersen,2685185
2012,Brandon Knight,2678640
2012,Jrue Holiday,2674852
2012,Josh McRoberts,2652000
2012,Quentin Richardson,2627400
2012,Eric Bledsoe,2626473
2012,Nick Collison,2585668
2012,Greg Stiemsma,2575000
2012,Aaron Gray,2575000
2012,Paul George,2574120
2012,Kemba Walker,2568360
2012,Terrence Ross,2563320
2012,Ty Lawson,2544529
2012,Jason Smith,2500000
2012,Randy Foye,2500000
2012,Cole Aldrich,2445480
2012,Jeff Teague,2433077
2012,Aaron Brooks,2400000
2012,Ricky Davis,2400000
2012,Andre Drummond,2356320
2012,Trevor Booker,2350820
2012,Jimmer Fredette,2339040
2012,Xavier Henry,2323200
2012,Earl Watson,2300000
2012,Omri Casspi,2277306
2012,Anthony Parker,2250000
2012,Ben Wallace,2246400
2012,DeShawn Stevenson,2240450
2012,Austin Rivers,2238360
2012,Rodrigue Beaubois,2227333
2012,CJ Miles,2225000
2012,Klay Thompson,2222160
2012,Ed Davis,2207040
2012,Rudy Fernandez,2180443
2012,Meyers Leonard,2126520
2012,Jeremy Lamb,2111160
2012,Alec Burks,2111160
2012,Elton Brand,2100500
2012,Patrick Patterson,2096760
2012,Markieff Morris,2091840
2012,Dante Cunningham,2090000
2012,Wayne Ellington,2083042
2012,Toney Douglas,2067880
2012,Anthony Johnson,2062800
2012,Brent Barry,2062800
2012,Brendan Haywood,2050000
2012,Eric Maynor,2016000
2012,Kendall Marshall,2005560
2012,Larry Sanders,1991760
2012,Rasho Nesterovic,1990000
2012,Marcus Morris,1987320
2012,Grant Hill,1975000
2012,Marco Belinelli,1957000
2012,Darren Collison,1900000
2012,Luke Babbitt,1892280
2012,John Henson,1823280
2012,Dikembe Mutombo,1823280
2012,Kawhi Leonard,1809840
2012,Maurice Harkless,1809840
2012,Jeremy Evans,1794872
2012,Nikola Vucevic,1793520
2012,Donte Greene,1679914
2012,Chris Andersen,1679408
2012,Renaldo Balkman,1675000
2012,Anthony Randolph,1674641
2012,Royce White,1645440
2012,Iman Shumpert,1633440
2012,Avery Bradley,1630800
2012,Reggie Evans,1622617
2012,Chris Singleton,1618680
2012,Sebastian Telfair,1567500
2012,Tyler Zeller,1563120
2012,Jodie Meeks,1550000
2012,Tobias Harris,1545840
2012,Jeff Ayres,1500000
2012,Greg Oden,1500000
2012,Slava Kravtsov,1500000
2012,Gustavo Ayon,1500000
2012,Terrence Jones,1485000
2012,Andrew Nicholson,1482000
2012,Jared Jeffries,1475106
2012,Alexis Ajinca,1467840
2012,Elliot Williams,1442880
2012,Tony Snell,1409040
2012,Craig Brackins,1404960
2012,Nando De Colo,1400000
2012,Eddie House,1399507
2012,Willie Green,1399507
2012,Rashard Lewis,1399507
2012,Nolan Smith,1365720
2012,Evan Fournier,1361400
2012,Donatas Motiejunas,1361400
2012,Jamaal Tinsley,1352181
2012,Kurt Thomas,1352181
2012,Roko-Leni Ukic,1350000
2012,Kenneth Faried,1311240
2012,Jared Sullinger,1306920
2012,Hamed Haddadi,1300000
2012,Victor Claver,1300000
2012,Dominique Jones,1276560
2012,Reggie Jackson,1260360
2012,Fab Melo,1254720
2012,Quincy Pondexter,1234320
2012,Sasha Pavlovic,1232713
2012,John Jenkins,1204560
2012,Hasheem Thabeet,1200000
2012,Jordan Crawford,1198680
2012,Greivis Vasquez,1191240
2012,Christian Eyenga,1174080
2012,MarShon Brooks,1160040
2012,Jared Cunningham,1156320
2012,Reggie Bullock,1149000
2012,Ronnie Price,1146337
2012,Norris Cole,1129200
2012,Jordan Hamilton,1121520
2012,Jimmy Butler,1112880
2012,Andre Roberson,1110840
2012,Tony Wroten,1110120
2012,Stephen Graham,1106941
2012,Joey Graham,1106941
2012,JaJuan Johnson,1089240
2012,Patty Mills,1085120
2012,Perry Jones,1082520
2012,Marquis Teague,1074720
2012,Cory Joseph,1074720
2012,Miles Plumlee,1073280
2012,Alando Tucker,1071720
2012,Von Wafer,1069509
2012,Kelenna Azubuike,1069509
2012,Luke Harangody,1054389
2012,DeJuan Blair,1054000
2012,Arnett Moultrie,1042320
2012,Quinton Ross,1033342
2012,Jawad Williams,1029389
2012,Festus Ezeli,1020960
2012,Kyle Singler,1000000
2012,Jon Brockman,1000000
2012,C.J. Watson,992680
2012,Brandan Wright,992680
2012,Ivan Johnson,962195
2012,Daniel Orton,916099
2012,Jeff Adrien,916099
2012,Ish Smith,910941
2012,Chandler Parsons,888250
2012,Henry Walker,885120
2012,Alexander Johnson,885120
2012,DeMarre Carroll,885120
2012,Chase Budinger,885120
2012,Pops Mensah-Bonsu,885120
2012,Salim Stoudamire,884881
2012,DeAndre Liggins,884293
2012,Garrett Temple,884293
2012,Ryan Hollins,884293
2012,Nazr Mohammed,884293
2012,E'Twaun Moore,884293
2012,Lance Stephenson,870000
2012,Quincy Douby,855189
2012,Mouhamed Sene,855189
2012,Marcus Haislip,855189
2012,Anthony Roberson,855189
2012,Josh Davis,854389
2012,Kenny Thomas,854389
2012,Kyle Weaver,854389
2012,Luke Jackson,854389
2012,Darius Miles,854389
2012,Javaris Crittenton,854389
2012,Dwayne Jones II,854389
2012,Damien Wilkins,854389
2012,Brian Cardinal,854389
2012,Earl Barron,854389
2012,Draymond Green,850000
2012,Troy Murphy,839312
2012,Solomon Alabi,830000
2012,Michael Redd,826828
2012,Paul Davis,825497
2012,Desmond Mason,825497
2012,Jason Hart,825497
2012,Kareem Rush,825497
2012,Kevin Ollie,825497
2012,Ryan Bowen,825497
2012,Lindsey Hunter,825497
2012,Tyler Honeycutt,809875
2012,Sean Marks,799105
2012,Ike Diogu,792377
2012,Solomon Jones,792377
2012,Gani Lawal,788872
2012,Jarvis Varnado,788872
2012,Da'Sean Butler,788872
2012,Marcus Cousin,788872
2012,Andy Rautins,788872
2012,Jeffery Taylor,788872
2012,Maalik Wayns,788872
2012,Pape Sy,788872
2012,Magnum Rolle,788872
2012,Jermaine Taylor,780871
2012,Josh Howard,773976
2012,Shaun Livingston,773976
2012,Yi Jianlian,771706
2012,Charles Jenkins,762195
2012,Justin Harper,762195
2012,Mickell Gladness,762195
2012,D.J. Kennedy,762195
2012,Garret Siler,762195
2012,Taylor Griffin,762195
2012,Cory Higgins,762195
2012,Brian Butch,762195
2012,Jon Leuer,762195
2012,Semih Erden,762195
2012,Jerome Jordan,762195
2012,Sun Yue,736420
2012,Mike Taylor,736420
2012,Walter Sharpe,736420
2012,Dontell Jefferson,736420
2012,DeMarcus Nelson,736420
2012,Ime Udoka,708640
2012,Mickael Pietrus,698589
2012,Mike Wilks,679821
2012,Brian Skinner,668434
2012,Quincy Acy,665000
2012,Allen Iverson,650686
2012,Acie Law,633253
2012,Jae Crowder,600491
2012,Chris Douglas-Roberts,582995
2012,Orlando Johnson,550000
2012,Will Barton,550000
2012,Lazar Hayward,542788
2012,James Anderson,532737
2012,Jason Williams,524964
2012,Daequan Cook,512633
2012,Mike James,502581
2012,Glen Rice Jr.,490180
2012,Erik Jay Murphy,490180
2012,Ryan Reid,475000
2012,John Shurna,473604
2012,Hollis Thompson,473604
2012,Devin Searcy,473604
2012,Stanley Robinson,473604
2012,Josh Akognon,473604
2012,Luke Zeller,473604
2012,Brian Roberts,473604
2012,Sherron Collins,473604
2012,Diante Garrett,473604
2012,Luke Nevill,473604
2012,Chris Wright,473604
2012,Carldell Johnson,473604
2012,Jamar Smith,473604
2012,Kent Bazemore,473604
2012,Marcus Landry,457588
2012,Deron Washington,457588
2012,Sam Young,402065
2012,Peja Stojakovic,402065
2012,Kevin Jones,390027
2012,Walker Russell,374300
2012,Mickael Gelabale,346781
2012,Chris Johnson,346781
2012,Patrick Beverley,281376
2012,Jeremy Pargo,264527
2012,Gilbert Arenas,261829
2012,Derek Fisher,261343
2012,Manny Harris,252016
2012,Terrence Williams,244710
2012,Aron Baynes,239588
2012,Bobby Simmons,234268
2012,Mustafa Shakur,226162
2012,Earl Boykins,220487
2012,Al Thornton,211084
2012,Travis Diener,208802
2012,Leon Powe,201033
2012,Ben Uzoh,190548
2012,Lou Amundson,185955
2012,Kenyon Martin,170878
2012,Chris Quinn,169340
2012,Shavlik Randolph,163500
2012,D.J. White,156234
2012,James Singleton,151585
2012,Tim Ohlbrecht,144867
2012,Juwan Howard,135697
2012,Armon Johnson,104494
2012,Shelvin Mack,103121
2012,Terrel Harris,94154
2012,Morris Almond,75793
2012,Mikki Moore,75793
2012,Keyon Dooling,75387
2012,DaJuan Summers,72892
2012,Damion James,68902
2012,Dominic McGuire,68902
2012,Josh Harrellson,61467
2012,Donald Sloan,61467
2012,Chris Johnson,55718
2012,Lester Hudson,48232
2012,Justin Holiday,47360
2012,Jerel McNeal,44835
2012,Cedric Jackson,40375
2012,Jeff Foote,38194
2012,Othyus Jeffers,35868
2012,Kris Joseph,27859
2012,Henry Sims,27859
2012,Chris Wright,27859
2012,Larry Owens,22287
2012,Mario West,20103
2013,Kobe Bryant,30453805
2013,Dwyane Wade,18673000
2013,Chris Paul,18668431
2013,Deron Williams,18466130
2013,Zach Randolph,18238333
2013,Rudy Gay,17888932
2013,Kevin Durant,17832627
2013,Derrick Rose,17632688
2013,Blake Griffin,16441500
2013,Paul Pierce,15333334
2013,Carlos Boozer,15300000
2013,Dirk Nowitzki,22721381
2013,LaMarcus Aldridge,14878000
2013,Marc Gasol,14860523
2013,Russell Westbrook,14693906
2013,Kevin Love,14693906
2013,Emeka Okafor,14487500
2013,Eric Gordon,14283844
2013,Roy Hibbert,14283844
2013,Luol Deng,14275000
2013,Tyson Chandler,14100538
2013,Andrew Bogut,14000000
2013,Amar'e Stoudemire,21679893
2013,David Lee,13878000
2013,James Harden,13701250
2013,Al Jefferson,13500000
2013,Josh Smith,13500000
2013,Nene Hilario,13000000
2013,Andre Iguodala,12868632
2013,Tony Parker,12500000
2013,Kevin Garnett,12433735
2013,Serge Ibaka,12350000
2013,Nikola Pekovic,12100000
2013,Joe Johnson,21466718
2013,Kris Humphries,12000000
2013,Carmelo Anthony,21388953
2013,Dwight Howard,20513178
2013,Pau Gasol,19285850
2013,Chris Bosh,19067500
2013,LeBron James,19067500
2013,Al Horford,12000000
2013,Rajon Rondo,11954545
2013,Andrea Bargnani,11862500
2013,Tyreke Evans,11796247
2013,Nicolas Batum,11295250
2013,Joakim Noah,11100000
2013,Richard Jefferson,11046000
2013,DeAndre Jordan,10986550
2013,Ty Lawson,10786517
2013,JaVale McGee,10750000
2013,Tim Duncan,10361446
2013,Danilo Gallinari,10146925
2013,Gerald Wallace,10105855
2013,Tiago Splitter,10000000
2013,Stephen Curry,9887642
2013,Jrue Holiday,9713484
2013,DeMar DeRozan,9500000
2013,Paul Millsap,9500000
2013,Shawn Marion,9316796
2013,Steve Nash,9300500
2013,Anderson Varejao,9036364
2013,Thaddeus Young,8850000
2013,Kendrick Perkins,8727437
2013,Jeff Green,8700000
2013,Mike Conley,8600001
2013,Charlie Villanueva,8580000
2013,Rodney Stuckey,8500000
2013,Omer Asik,8374646
2013,Jeremy Lin,8374646
2013,Ryan Anderson,8308500
2013,Marcus Thornton,8050000
2013,O.J. Mayo,8000000
2013,Jeff Teague,8000000
2013,George Hill,8000000
2013,Ersan Ilyasova,7900000
2013,Trevor Ariza,7727280
2013,Marcin Gortat,7727280
2013,Brandon Jennings,7655503
2013,John Salmons,7583000
2013,Taj Gibson,7550000
2013,Jason Richardson,6204250
2013,Derrick Favors,6008196
2013,Gerald Henderson,6000000
2013,Robin Lopez,5904261
2013,Chuck Hayes,5722500
2013,Jason Thompson,5643750
2013,Jason Terry,5625313
2013,Kyrie Irving,5607240
2013,JR Smith,5565000
2013,Anthony Davis,5375760
2013,Anthony Bennett,5324280
2013,Jamal Crawford,5225000
2013,Courtney Lee,5225000
2013,Lou Williams,5225000
2013,Zaza Pachulia,5200000
2013,JJ Hickson,5150000
2013,Martell Webster,5150000
2013,Keith Bogans,5058198
2013,Derrick Williams,5016960
2013,Andre Miller,5000000
2013,Ramon Sessions,5000000
2013,Manu Ginobili,7500000
2013,Marvin Williams,7500000
2013,Goran Dragic,7500000
2013,John Wall,7459925
2013,Tayshaun Prince,7235955
2013,Wesley Matthews,6875480
2013,Jose Calderon,6791570
2013,Kyle Korver,6760563
2013,Evan Turner,6679867
2013,JJ Redick,6500000
2013,Kevin Martin,6500000
2013,Carl Landry,6500000
2013,Spencer Hawes,6500000
2013,Brandon Bass,6450000
2013,Channing Frye,6400000
2013,Wilson Chandler,6344164
2013,Jarrett Jack,6300000
2013,Landry Fields,6250000
2013,Kyle Lowry,6210000
2013,Chase Budinger,5000000
2013,Brandan Wright,5000000
2013,DeMarcus Cousins,4916974
2013,Michael Kidd-Gilchrist,4809840
2013,Victor Oladipo,4763760
2013,Boris Diaw,4702500
2013,J.J. Barea,4687000
2013,Luc Mbah a Moute,4588384
2013,Luis Scola,4508504
2013,Enes Kanter,4505280
2013,Jonas Jerebko,4500000
2013,Tony Allen,4494383
2013,Ekpe Udoh,4469548
2013,Luke Ridnour,4420000
2013,Timofey Mozgov,4400000
2013,Udonis Haslem,4340000
2013,Bradley Beal,4319280
2013,Otto Porter Jr.,4278000
2013,Jared Dudley,4250000
2013,Greg Monroe,4086454
2013,Tristan Thompson,4062000
2013,Kirk Hinrich,4059000
2013,Elton Brand,4000000
2013,Ian Mahinmi,4000000
2013,Mario Chalmers,4000000
2013,Steve Blake,4000000
2013,Matt Bonner,3945000
2013,Thabo Sefolosha,3900000
2013,Dion Waiters,3894240
2013,Cody Zeller,3857040
2013,Joel Anthony,3800000
2013,Danny Green,3762500
2013,Steve Novak,3750000
2013,Al-Farouq Aminu,3749602
2013,Samuel Dalembert,3700748
2013,Ricky Rubio,3678358
2013,Raymond Felton,3637073
2013,Jonas Valanciunas,3526440
2013,Thomas Robinson,3526440
2013,Marreese Speights,3500000
2013,Gerald Green,3500000
2013,Alex Len,3492720
2013,Gordon Hayward,3452183
2013,Jan Vesely,3340920
2013,Paul George,3282003
2013,Shane Battier,3270000
2013,Matt Barnes,3250000
2013,Carlos Delfino,3250000
2013,Gary Neal,3250000
2013,Darrell Arthur,3231683
2013,Mirza Teletovic,3229050
2013,Ray Allen,3229050
2013,Damian Lillard,3202920
2013,Andrei Kirilenko,3183000
2013,Tyler Hansbrough,3183000
2013,Mike Dunleavy,3183000
2013,Vince Carter,3180000
2013,Nerlens Noel,3172320
2013,Ed Davis,3153860
2013,Alexey Shved,3150000
2013,Jerryd Bayless,3135000
2013,Patrick Patterson,3105302
2013,Lavoy Allen,3060000
2013,Larry Sanders,3053368
2013,Bismack Biyombo,3049920
2013,Travis Outlaw,3000000
2013,Kosta Koufos,3000000
2013,Chris Copeland,3000000
2013,Harrison Barnes,2923920
2013,Joel Freeland,2897976
2013,Ben McLemore,2895960
2013,Brandon Knight,2793960
2013,Will Bynum,2790343
2013,Kevin Seraphin,2761114
2013,Marco Belinelli,2750000
2013,Aaron Gray,2690875
2013,Terrence Ross,2678640
2013,Kentavious Caldwell-Pope,2653080
2013,Wayne Ellington,2652000
2013,Mo Williams,2652000
2013,Eric Bledsoe,2626474
2013,Nick Collison,2585668
2013,Kemba Walker,2568360
2013,DeMarre Carroll,2557545
2013,Avery Bradley,2511432
2013,Jason Smith,2500000
2013,Chauncey Billups,2500000
2013,Andre Drummond,2465400
2013,Trey Burke,2438760
2013,Trevor Booker,2350820
2013,Austin Rivers,2339040
2013,Klay Thompson,2317920
2013,CJ McCollum,2316720
2013,Quincy Pondexter,2225479
2013,CJ Miles,2225000
2013,Meyers Leonard,2222160
2013,Alec Burks,2202000
2013,Michael Carter-Williams,2200920
2013,Dante Cunningham,2180000
2013,Jordan Crawford,2162419
2013,Greivis Vasquez,2150188
2013,Jeremy Lamb,2111160
2013,Markieff Morris,2091840
2013,Steven Adams,2090880
2013,Brendan Haywood,2050000
2013,C.J. Watson,2016000
2013,Nate Robinson,2016000
2013,Jermaine O'Neal,2000000
2013,Vitor Faverani,2000000
2013,Marcus Morris,1987320
2013,Kelly Olynyk,1986360
2013,John Henson,1905360
2013,Darren Collison,1900000
2013,Kawhi Leonard,1887840
2013,Shabazz Muhammad,1887120
2013,Maurice Harkless,1809840
2013,Nikola Vucevic,1793520
2013,Giannis Antetokounmpo,1792560
2013,Anthony Randolph,1750000
2013,Jeff Ayres,1750000
2013,Luigi Datome,1750000
2013,Iman Shumpert,1703760
2013,Reggie Evans,1695635
2013,Jeremy Evans,1660257
2013,Tyler Zeller,1633440
2013,Chris Singleton,1618680
2013,Toney Douglas,1600000
2013,John Lucas III,1600000
2013,Pablo Prigioni,1591350
2013,Terrence Jones,1551840
2013,Jodie Meeks,1550000
2013,Tobias Harris,1545840
2013,Shane Larkin,1536960
2013,Ronny Turiaf,1500000
2013,Miroslav Raduljica,1500000
2013,James Jones,1500000
2013,Gustavo Ayon,1500000
2013,Andrew Nicholson,1482000
2013,Sergey Karasev,1467840
2013,Nando De Colo,1463000
2013,Evan Fournier,1422720
2013,Donatas Motiejunas,1422720
2013,Tony Snell,1409040
2013,Willie Green,1399507
2013,Rashard Lewis,1399507
2013,Chris Andersen,1399507
2013,Scotty Hopson,1388400
2013,Andray Blatche,1375604
2013,Kenneth Faried,1367640
2013,Jared Sullinger,1365720
2013,Gorgui Dieng,1352640
2013,Dennis Schroder,1348200
2013,Victor Claver,1330000
2013,Mason Plumlee,1298640
2013,Francisco Garcia,1265977
2013,Reggie Jackson,1260360
2013,John Jenkins,1258800
2013,Solomon Hill,1246680
2013,MarShon Brooks,1210080
2013,Hasheem Thabeet,1200000
2013,Pero Antic,1200000
2013,Tim Hardaway Jr.,1196760
2013,Jordan Hamilton,1169880
2013,Tony Wroten,1160040
2013,Reggie Bullock,1149000
2013,Patty Mills,1133950
2013,Norris Cole,1129200
2013,Miles Plumlee,1121520
2013,Cory Joseph,1120920
2013,Jimmy Butler,1112880
2013,Nick Young,1106942
2013,Arnett Moultrie,1089240
2013,Perry Jones,1082520
2013,Rudy Gobert,1078800
2013,Marquis Teague,1074720
2013,Festus Ezeli,1066920
2013,Archie Goodwin,1064400
2013,Nemanja Nedovic,1056720
2013,Kyle Singler,1045000
2013,Anthony Morrow,1027424
2013,Lance Stephenson,1005000
2013,Andrew Bynum,1000000
2013,Ish Smith,951463
2013,Byron Mullens,947907
2013,Alan Anderson,947907
2013,Omri Casspi,947907
2013,Austin Daye,947907
2013,Chandler Parsons,926500
2013,Jeff Adrien,916099
2013,Jon Leuer,900000
2013,Garrett Temple,884293
2013,Shelvin Mack,884293
2013,Ryan Hollins,884293
2013,Jannero Pargo,884293
2013,Jordan Farmar,884293
2013,E'Twaun Moore,884293
2013,Cole Aldrich,884293
2013,Draymond Green,875500
2013,Allen Crabbe,825000
2013,Elliot Williams,797545
2013,Khris Middleton,788872
2013,Brian Roberts,788872
2013,Jeffery Taylor,788872
2013,Quincy Miller,788872
2013,Jae Crowder,788872
2013,Henry Sims,788872
2013,Kent Bazemore,788872
2013,Andre Roberson,740560
2013,Diante Garrett,719266
2013,Malcolm Thomas,702233
2013,Dwight Buycks,700000
2013,Hilton Armstrong,660619
2013,Chris Douglas-Roberts,660619
2013,D.J. Augustin,650215
2013,Alexis Ajinca,635880
2013,James Johnson,634610
2013,Isaiah Canaan,570515
2013,Jeremy Tyler,556584
2013,Kendall Marshall,547570
2013,Ricky Ledo,544000
2013,Jamaal Franklin,535000
2013,Ray McCallum,524616
2013,Carrick Felix,510000
2013,Nate Wolters,500000
2013,Tony Mitchell,500000
2013,Robert Covington,490180
2013,Nick Calathes,490180
2013,Glen Rice Jr.,490180
2013,Brandon Davies,490180
2013,James Southerland,490180
2013,Ryan Kelly,490180
2013,Dionte Christmas,490180
2013,Erik Jay Murphy,490180
2013,Hollis Thompson,473604
2013,Hedo Turkoglu,473357
2013,Leandro Barbosa,410936
2013,Luke Babbitt,387995
2013,Chris Johnson,320189
2013,Shavlik Randolph,306037
2013,Dewayne Dedmon,300000
2013,Jason Collins,275691
2013,Danny Granger,249683
2013,Caron Butler,244489
2013,Jimmer Fredette,239279
2013,Shannon Brown,188438
2013,Jarvis Varnado,171696
2013,Troy Daniels,158588
2013,Mike Muscala,138404
2013,Cartier Martin,104034
2013,D.J. White,104028
2013,Justin Hamilton,98036
2013,Chris Babb,77852
2013,Ronnie Brewer,69792
2013,Damion James,68902
2013,Mike James,57627
2013,Jorge Gutierrez,54785
2013,Drew Gooden,52017
2013,Othyus Jeffers,52017
2013,Lou Amundson,48854
2013,Jared Cunningham,46404
2013,Melvin Ely,29788
2013,Greg Smith,15605
2013,Josh Powell,13958
2013,Chris Wright,9281
2013,Lamar Odom,8232
2014,Kobe Bryant,23500000
2014,Kevin Durant,18995624
2014,Derrick Rose,18862876
2014,Blake Griffin,17674613
2014,Zach Randolph,16500000
2014,LaMarcus Aldridge,16006000
2014,Paul George,15937290
2014,Marc Gasol,15829688
2014,Kevin Love,15719063
2014,Russell Westbrook,15719062
2014,Brook Lopez,15719062
2014,Joe Johnson,23180790
2014,David Lee,15012000
2014,Dwyane Wade,15000000
2014,Eric Gordon,14898938
2014,Roy Hibbert,14898938
2014,Tyson Chandler,14846888
2014,John Wall,14746000
2014,Gordon Hayward,14746000
2014,James Harden,14728844
2014,Chandler Parsons,14700000
2014,Al Jefferson,13500000
2014,Carmelo Anthony,22458401
2014,Eric Bledsoe,13000000
2014,Nene Hilario,13000000
2014,Andrew Bogut,12972973
2014,Derrick Favors,12950000
2014,Rajon Rondo,12909090
2014,Joakim Noah,12700000
2014,Tony Parker,12500000
2014,Serge Ibaka,12350000
2014,Andre Iguodala,12289544
2014,Nikola Pekovic,12100000
2014,Dwight Howard,21436271
2014,David West,12000000
2014,Chris Bosh,20644400
2014,LeBron James,20644400
2014,Chris Paul,20068563
2014,Deron Williams,19754465
2014,Rudy Gay,19317326
2014,Kyle Lowry,12000000
2014,Al Horford,12000000
2014,Nicolas Batum,11765500
2014,Ty Lawson,11595506
2014,Andrea Bargnani,11500000
2014,DeAndre Jordan,11440123
2014,Tyreke Evans,11265416
2014,JaVale McGee,11250000
2014,Larry Sanders,11000000
2014,Danilo Gallinari,10854850
2014,Stephen Curry,10629213
2014,Marcin Gortat,10434782
2014,Tim Duncan,10361446
2014,Gerald Wallace,10105855
2014,DeMar DeRozan,10100000
2014,Jrue Holiday,9904495
2014,Luol Deng,9714461
2014,Anderson Varejao,9704545
2014,Steve Nash,9701000
2014,Paul Millsap,9500000
2014,Thaddeus Young,9410869
2014,Tiago Splitter,9250000
2014,Jeff Green,9200000
2014,Jordan Hill,9000000
2014,Lance Stephenson,9000000
2014,Mike Conley,8694216
2014,Trevor Ariza,8579089
2014,Channing Frye,8579088
2014,Marcus Thornton,8575000
2014,Ryan Anderson,8491500
2014,Omer Asik,8374646
2014,Jeremy Lin,8374646
2014,Monta Ellis,8360000
2014,Jeff Teague,8000000
2014,Taj Gibson,8000000
2014,O.J. Mayo,8000000
2014,George Hill,8000000
2014,Dirk Nowitzki,7974482
2014,Ersan Ilyasova,7900000
2014,Tayshaun Prince,7707865
2014,Jarrett Jack,6300000
2014,Kyle Korver,6253521
2014,Landry Fields,6250000
2014,Robin Lopez,6124729
2014,Jason Thompson,6037500
2014,Gerald Henderson,6000000
2014,Jodie Meeks,6000000
2014,Chuck Hayes,5958750
2014,Jason Terry,5850313
2014,Patrick Patterson,5831326
2014,PJ Tucker,5700000
2014,Enes Kanter,5694674
2014,Anthony Davis,5607240
2014,Anthony Bennett,5563920
2014,Andrew Wiggins,5510640
2014,Greg Monroe,5479934
2014,Jamal Crawford,5450000
2014,Lou Williams,5450000
2014,JJ Hickson,5381750
2014,Martell Webster,5381750
2014,Chris Andersen,5375000
2014,Boris Diaw,7500000
2014,Goran Dragic,7500000
2014,Wesley Matthews,7245640
2014,Isaiah Thomas,7238606
2014,Avery Bradley,7191011
2014,Pau Gasol,7128000
2014,Jose Calderon,7097191
2014,Kyrie Irving,7070730
2014,Marvin Williams,7000000
2014,Amir Johnson,7000000
2014,Brandon Bass,6900000
2014,Kevin Martin,6792500
2014,JJ Redick,6792500
2014,Wilson Chandler,6757913
2014,Jason Richardson,6601125
2014,JR Smith,6515510
2014,Carl Landry,6500000
2014,Greivis Vasquez,6400000
2014,Derrick Williams,6331404
2014,Spencer Hawes,5305000
2014,Shaun Livingston,5305000
2014,Paul Pierce,5305000
2014,Nikola Mirotic,5305000
2014,Keith Bogans,5285817
2014,Zaza Pachulia,5200000
2014,Tristan Thompson,5138430
2014,Michael Kidd-Gilchrist,5016960
2014,Chase Budinger,5000000
2014,Brandan Wright,5000000
2014,Nick Young,4994420
2014,Victor Oladipo,4978200
2014,Jabari Parker,4930560
2014,Luis Scola,4868499
2014,Tony Allen,4831461
2014,Chris Kaman,4800000
2014,Darren Collison,4797664
2014,Kostas Papanikolaou,4797664
2014,Corey Brewer,4702500
2014,Ricky Rubio,4660479
2014,Andre Miller,4650000
2014,Timofey Mozgov,4650000
2014,Bradley Beal,4505280
2014,Ben Gordon,4500000
2014,Caron Butler,4500000
2014,Jonas Jerebko,4500000
2014,Otto Porter Jr.,4470480
2014,Joel Embiid,4427640
2014,Luc Mbah a Moute,4382576
2014,Kris Humphries,4250000
2014,Jared Dudley,4250000
2014,CJ Miles,4205000
2014,Thabo Sefolosha,4150000
2014,Dion Waiters,4062000
2014,Samuel Dalembert,4051527
2014,Cody Zeller,4030560
2014,Danny Green,4025000
2014,Mario Chalmers,4000000
2014,Ian Mahinmi,4000000
2014,Aaron Gordon,3992040
2014,Mo Williams,3965074
2014,Vince Carter,3911981
2014,Kevin Seraphin,3898692
2014,Devin Harris,3878896
2014,Bismack Biyombo,3873398
2014,Patty Mills,3842105
2014,Joel Anthony,3800000
2014,Raymond Felton,3793693
2014,Jonas Valanciunas,3678360
2014,Thomas Robinson,3678360
2014,Marreese Speights,3657500
2014,Alex Len,3649920
2014,Dante Exum,3615000
2014,Brandon Knight,3553917
2014,Gerald Green,3500000
2014,Darrell Arthur,3457149
2014,Steve Novak,3445947
2014,Matt Barnes,3396250
2014,Mirza Teletovic,3368100
2014,Damian Lillard,3340920
2014,Mike Scott,3333333
2014,Andrei Kirilenko,3326235
2014,Tyler Hansbrough,3326235
2014,Mike Dunleavy,3326235
2014,Nerlens Noel,3315120
2014,Marcus Smart,3283320
2014,Alexey Shved,3282056
2014,Jason Smith,3278000
2014,Evan Turner,3278000
2014,Bojan Bogdanovic,3278000
2014,Kemba Walker,3272091
2014,Carlos Boozer,3251000
2014,Carlos Delfino,3250000
2014,Gary Neal,3250000
2014,Anthony Morrow,3200000
2014,Dorell Wright,3150000
2014,Quincy Pondexter,3146068
2014,Chris Copeland,3135000
2014,Klay Thompson,3075880
2014,Harrison Barnes,3049920
2014,Alec Burks,3034356
2014,Ben McLemore,3026280
2014,Joel Freeland,3013512
2014,Jerryd Bayless,3000000
2014,Kosta Koufos,3000000
2014,Anthony Tolliver,3000000
2014,Julius Randle,2997360
2014,Markieff Morris,2989239
2014,Furkan Aldemir,2963232
2014,Marcus Morris,2943221
2014,Will Bynum,2915908
2014,Kawhi Leonard,2894059
2014,Marco Belinelli,2873750
2014,Terrence Ross,2793960
2014,Kentavious Caldwell-Pope,2772480
2014,Nikola Vucevic,2751260
2014,Luke Ridnour,2750000
2014,Nik Stauskas,2745840
2014,Brian Roberts,2732000
2014,Udonis Haslem,2732000
2014,Jameer Nelson,2732000
2014,Kirk Hinrich,2732000
2014,Iman Shumpert,2616975
2014,Andre Drummond,2568360
2014,Trey Burke,2548560
2014,Noah Vonleh,2524200
2014,James Johnson,2500000
2014,DeMarre Carroll,2442455
2014,Austin Rivers,2439840
2014,Shelvin Mack,2433333
2014,CJ McCollum,2421000
2014,Elfrid Payton,2397840
2014,Tobias Harris,2380594
2014,Meyers Leonard,2317920
2014,Michael Carter-Williams,2300040
2014,Doug McDermott,2277960
2014,Kenneth Faried,2249768
2014,Nick Collison,2242003
2014,Brendan Haywood,2213668
2014,Reggie Jackson,2204369
2014,Jeremy Lamb,2202000
2014,Steven Adams,2184960
2014,Vitor Faverani,2090000
2014,Ramon Sessions,2077000
2014,Jordan Farmar,2077000
2014,Danny Granger,2077000
2014,Josh Smith,2077000
2014,Aron Baynes,2077000
2014,Kelly Olynyk,2075760
2014,Zach LaVine,2055840
2014,Norris Cole,2038206
2014,Cory Joseph,2023261
2014,Jimmy Butler,2008748
2014,Elton Brand,2000000
2014,DeJuan Blair,2000000
2014,John Salmons,2000000
2014,Kent Bazemore,2000000
2014,John Henson,1987320
2014,Shabazz Muhammad,1971960
2014,TJ Warren,1953120
2014,Maurice Harkless,1887840
2014,Giannis Antetokounmpo,1873200
2014,Adreian Payne,1855320
2014,Jeff Ayres,1828750
2014,Anthony Randolph,1825359
2014,Jeremy Evans,1794871
2014,Joffrey Lauvergne,1790281
2014,Reggie Evans,1768653
2014,Lucas Nogueira,1762680
2014,Jusuf Nurkic,1762680
2014,Luigi Datome,1750000
2014,Zoran Dragic,1706225
2014,Tyler Zeller,1703760
2014,Dennis Schroder,1690680
2014,James Young,1674480
2014,Pablo Prigioni,1662961
2014,Ryan Kelly,1650000
2014,Terrence Jones,1618680
2014,Shane Larkin,1606080
2014,Tyler Ennis,1590720
2014,Andrew Nicholson,1545840
2014,Sergey Karasev,1533840
2014,Gary Harris,1519200
2014,Ronny Turiaf,1500000
2014,Miroslav Raduljica,1500000
2014,Evan Fournier,1483920
2014,Donatas Motiejunas,1483920
2014,Tony Snell,1472400
2014,Bruno Caboclo,1458360
2014,Scotty Hopson,1450878
2014,Willie Green,1448490
2014,Lamar Odom,1448490
2014,Mike James,1448490
2014,Jared Sullinger,1424520
2014,Gorgui Dieng,1413480
2014,Mitch McGary,1400040
2014,Victor Claver,1370000
2014,Mason Plumlee,1357080
2014,Jordan Adams,1344120
2014,Melvin Ely,1316809
2014,John Jenkins,1312920
2014,Josh Powell,1310286
2014,Ronnie Brewer,1310286
2014,Solomon Hill,1302840
2014,Rodney Hood,1290360
2014,Alan Anderson,1276061
2014,Tim Hardaway Jr.,1250640
2014,Hasheem Thabeet,1250000
2014,Pero Antic,1250000
2014,Shabazz Napier,1238640
2014,Aaron Gray,1227985
2014,Shawne Williams,1227985
2014,Shavlik Randolph,1227985
2014,Tony Wroten,1210080
2014,Reggie Bullock,1200720
2014,Clint Capela,1189200
2014,Miles Plumlee,1169880
2014,Andre Roberson,1160880
2014,P.J. Hairston,1149720
2014,Hilton Armstrong,1145685
2014,Brandon Rush,1145685
2014,Cartier Martin,1145685
2014,Arnett Moultrie,1136160
2014,Perry Jones,1129200
2014,Rudy Gobert,1127400
2014,Marquis Teague,1120920
2014,Festus Ezeli,1112880
2014,Archie Goodwin,1112280
2014,CJ Wilcox,1109760
2014,Nemanja Nedovic,1104240
2014,Damjan Rudez,1100000
2014,Kyle Anderson,1093680
2014,Kyle Singler,1090000
2014,Xavier Henry,1082000
2014,Robert Covington,1000000
2014,Al-Farouq Aminu,981084
2014,Garrett Temple,981084
2014,Alexis Ajinca,981084
2014,Jon Leuer,967500
2014,Greg Smith,948163
2014,Josh Harrellson,948163
2014,Donald Sloan,948163
2014,Jeremy Tyler,948163
2014,E'Twaun Moore,948163
2014,Rasual Butler,915243
2014,Kyrylo Fesenko,915243
2014,Drew Gooden,915243
2014,Jannero Pargo,915243
2014,Jason Maxiell,915243
2014,Jeffery Taylor,915243
2014,Ryan Hollins,915243
2014,Ekpe Udoh,915243
2014,Shawn Marion,915243
2014,Cole Aldrich,915243
2014,J.J. Barea,909859
2014,Devyn Marble,884879
2014,Jerami Grant,884879
2014,Joe Harris,884879
2014,Robbie Hummel,880000
2014,Allen Crabbe,862000
2014,Ish Smith,861405
2014,Damien Inglis,820000
2014,Isaiah Canaan,816842
2014,Glen Rice Jr.,816482
2014,Casper Ware,816482
2014,Carrick Felix,816482
2014,Ray McCallum,816482
2014,Grant Jerrett,816482
2014,Nick Calathes,816482
2014,Justin Hamilton,816482
2014,Dionte Christmas,816482
2014,Justin Holiday,816482
2014,Erik Jay Murphy,816482
2014,Dewayne Dedmon,816482
2014,Hassan Whiteside,769881
2014,Jeff Adrien,742962
2014,Jarnell Stokes,725000
2014,Dante Cunningham,716043
2014,Malcolm Lee,710659
2014,Darius Morris,702756
2014,Spencer Dinwiddie,700000
2014,Malcolm Thomas,635827
2014,Gal Mekel,633974
2014,Johnny O'Bryant III,600000
2014,Cory Jefferson,507336
2014,Keith Appling,507336
2014,Eric Griffin,507336
2014,Joe Ingles,507336
2014,Russ Smith,507336
2014,Eric Moreland,507336
2014,Sim Bhullar,507336
2014,JaKarr Sampson,507336
2014,Travis Wear,507336
2014,Patric Young,507336
2014,Will Cherry,495399
2014,Kalin Lucas,486446
2014,Drew Gordon,468540
2014,Kenyon Martin,414551
2014,Lou Amundson,409167
2014,Lance Thomas,403784
2014,Dahntay Jones,387632
2014,Patrick Christopher,379010
2014,Ronald Roberts Jr.,373041
2014,Reggie Williams,344036
2014,Amar'e Stoudemire,306876
2014,Lorenzo Brown,283367
2014,Kendrick Perkins,274573
2014,John Lucas III,269189
2014,Elijah Millsap,241731
2014,Bernard James,236886
2014,Langston Galloway,235762
2014,Tyler Johnson,199950
2014,Henry Walker,196217
2014,Michael Beasley,195440
2014,Quincy Miller,183049
2014,Earl Barron,183049
2014,James Michael McAdoo,167122
2014,Jordan Hamilton,150591
2014,JaMychal Green,134295
2014,Elliot Williams,107676
2014,Toney Douglas,107676
2014,Nate Robinson,107676
2014,Jorge Gutierrez,96056
2014,Toure' Murry,96056
2014,Bryce Cotton,92514
2014,Jabari Brown,59686
2014,Jack Cooley,59686
2014,Tim Frazier,59686
2014,Tyrus Thomas,53838
2014,A.J. Price,53838
2014,Austin Daye,53838
2014,Seth Curry,48028
2014,Ricky Ledo,48028
2014,Andre Dawkins,29843
2014,David Stockton,29483
2015,Kobe Bryant,25000000
2015,LaMarcus Aldridge,19689000
2015,Kevin Love,19689000
2015,Marc Gasol,19688000
2015,Blake Griffin,18907726
2015,Paul Millsap,18671659
2015,Paul George,17120106
2015,Russell Westbrook,16744218
2015,Kyrie Irving,16407501
2015,Kawhi Leonard,16407500
2015,Greg Monroe,16407500
2015,LeBron James,22970500
2015,Wesley Matthews,16407500
2015,Tobias Harris,16000000
2015,John Wall,15851950
2015,DeMarcus Cousins,15851950
2015,James Harden,15756438
2015,Roy Hibbert,15592217
2015,Eric Gordon,15514031
2015,Klay Thompson,15501000
2015,Gordon Hayward,15409570
2015,Chandler Parsons,15361500
2015,Carmelo Anthony,22875000
2015,Goran Dragic,14783000
2015,Khris Middleton,14700000
2015,Draymond Green,14260870
2015,Tristan Thompson,14260870
2015,Danilo Gallinari,14000000
2015,Reggie Jackson,13913044
2015,Andrew Bogut,13800000
2015,DeMarre Carroll,13600000
2015,Eric Bledsoe,13500000
2015,Al Jefferson,13500000
2015,Dwight Howard,22359364
2015,Brandon Knight,13500000
2015,Chris Bosh,22192730
2015,Chris Paul,21468695
2015,Kevin Durant,20158622
2015,Derrick Rose,20093064
2015,Dwyane Wade,20000000
2015,Tony Parker,13437500
2015,Joakim Noah,13400000
2015,Nicolas Batum,13125306
2015,Tyson Chandler,13000000
2015,Nene Hilario,13000000
2015,Ricky Rubio,12700000
2015,Robin Lopez,12650000
2015,Rudy Gay,12403101
2015,Serge Ibaka,12250000
2015,Nikola Pekovic,12100000
2015,Kyle Lowry,12000000
2015,Kemba Walker,12000000
2015,Al Horford,12000000
2015,Andre Iguodala,11710456
2015,Stephen Curry,11370786
2015,Nikola Vucevic,11250000
2015,Kenneth Faried,11235955
2015,Thaddeus Young,11235955
2015,Marcin Gortat,11217391
2015,Tyreke Evans,10734586
2015,Jrue Holiday,10595507
2015,Brendan Haywood,10522500
2015,Wilson Chandler,10449438
2015,Monta Ellis,10300000
2015,Luol Deng,10151612
2015,Gerald Wallace,10105855
2015,DeMar DeRozan,10050000
2015,Danny Green,10000000
2015,Tiago Splitter,9756250
2015,Jeff Green,9650000
2015,Zach Randolph,9638555
2015,Mike Conley,9588426
2015,Rajon Rondo,9500000
2015,Alec Burks,9463484
2015,Omer Asik,9213483
2015,Lance Stephenson,9000000
2015,Iman Shumpert,8988765
2015,Ryan Anderson,8500000
2015,Taj Gibson,8500000
2015,Brandon Jennings,8344497
2015,Cory Joseph,7000000
2015,Ed Davis,6980802
2015,Isaiah Thomas,6912869
2015,Jae Crowder,6796117
2015,Greivis Vasquez,6600000
2015,Carl Landry,6500000
2015,Aron Baynes,6500000
2015,Patrick Beverley,6486486
2015,Michael Kidd-Gilchrist,6331404
2015,Jarrett Jack,6300000
2015,Jodie Meeks,6270000
2015,Patrick Patterson,6268675
2015,Spencer Hawes,6110034
2015,Marco Belinelli,6060606
2015,Gerald Henderson,6000000
2015,Andrew Wiggins,5758680
2015,Kyle Korver,5746479
2015,Karl-Anthony Towns,5703600
2015,Bradley Beal,5694674
2015,Jamal Crawford,5675000
2015,Courtney Lee,5675000
2015,Dirk Nowitzki,8333334
2015,Corey Brewer,8229375
2015,Trevor Ariza,8193030
2015,Channing Frye,8193029
2015,Al-Farouq Aminu,8042895
2015,Jeff Teague,8000000
2015,Markieff Morris,8000000
2015,Arron Afflalo,8000000
2015,George Hill,8000000
2015,Ersan Ilyasova,7900000
2015,Avery Bradley,7730337
2015,Kosta Koufos,7700000
2015,Boris Diaw,7500000
2015,Pau Gasol,7448760
2015,Jose Calderon,7402812
2015,JJ Redick,7085000
2015,Anthony Davis,7070730
2015,Marvin Williams,7000000
2015,Lou Williams,7000000
2015,Martell Webster,5613500
2015,Shaun Livingston,5543725
2015,Nikola Mirotic,5543725
2015,Mirza Teletovic,5500000
2015,PJ Tucker,5500000
2015,Brandan Wright,5464000
2015,Deron Williams,5378974
2015,Tim Duncan,5250000
2015,Nick Young,5219169
2015,Zaza Pachulia,5200000
2015,Victor Oladipo,5192520
2015,Tony Allen,5158539
2015,Jabari Parker,5152440
2015,Dion Waiters,5138430
2015,D'Angelo Russell,5103120
2015,Chris Kaman,5016000
2015,Darren Collison,5013559
2015,Jonas Jerebko,5000000
2015,C.J. Watson,5000000
2015,Chris Andersen,5000000
2015,Marcus Morris,5000000
2015,Timofey Mozgov,4950000
2015,Trevor Booker,4775000
2015,Otto Porter Jr.,4662960
2015,Jonas Valanciunas,4660482
2015,Joel Embiid,4626960
2015,Jahlil Okafor,4582680
2015,Kyle Singler,4500000
2015,Mike Dunleavy,4500000
2015,CJ Miles,4394225
2015,Alexis Ajinca,4389607
2015,Jared Dudley,4375000
2015,Jameer Nelson,4345000
2015,Mario Chalmers,4300000
2015,Jason Smith,4300000
2015,J.J. Barea,4290000
2015,Damian Lillard,4236287
2015,Cody Zeller,4204200
2015,Aaron Gordon,4171680
2015,Kristaps Porzingis,4131720
2015,Vince Carter,4088019
2015,Devin Harris,4053446
2015,Lavoy Allen,4050000
2015,Jordan Hill,4000000
2015,Ian Mahinmi,4000000
2015,Thabo Sefolosha,4000000
2015,Derrick Williams,4000000
2015,Alan Anderson,4000000
2015,Raymond Felton,3950313
2015,Nemanja Bjelica,3950001
2015,Harrison Barnes,3873398
2015,Marreese Speights,3815000
2015,Alex Len,3807120
2015,Dante Exum,3777720
2015,Nick Collison,3750000
2015,Kyle O'Quinn,3750000
2015,Mario Hezonja,3741480
2015,Patty Mills,3578947
2015,Terrence Ross,3553917
2015,Matt Barnes,3542500
2015,Will Barton,3533333
2015,Nerlens Noel,3457800
2015,Marcus Smart,3431040
2015,Evan Turner,3425510
2015,Bojan Bogdanovic,3425510
2015,Willie Cauley-Stein,3398280
2015,Quincy Pondexter,3382023
2015,Paul Pierce,3376000
2015,Anthony Morrow,3344000
2015,Mike Scott,3333333
2015,Drew Gooden,3300000
2015,Andre Drummond,3272091
2015,KJ McDaniels,3189794
2015,Ben McLemore,3156600
2015,Randy Foye,3135000
2015,Julius Randle,3132240
2015,Austin Rivers,3110796
2015,Emmanuel Mudiay,3102240
2015,Meyers Leonard,3075880
2015,Norris Cole,3036927
2015,Jeremy Lamb,3034356
2015,Anthony Tolliver,3000000
2015,Jerryd Bayless,3000000
2015,Brandon Bass,3000000
2015,John Henson,2943221
2015,Tibor Pleiss,2900000
2015,Luis Scola,2900000
2015,Maurice Harkless,2894059
2015,Kentavious Caldwell-Pope,2891760
2015,Nik Stauskas,2869440
2015,Brian Roberts,2854940
2015,Udonis Haslem,2854940
2015,Kirk Hinrich,2854940
2015,Dante Cunningham,2850000
2015,Stanley Johnson,2841960
2015,Furkan Aldemir,2836768
2015,Omri Casspi,2836186
2015,Sonny Weems,2814000
2015,Bismack Biyombo,2814000
2015,Manu Ginobili,2814000
2015,Kevin Seraphin,2814000
2015,Luke Ridnour,2750000
2015,Trey Burke,2658240
2015,Noah Vonleh,2637720
2015,Tyler Zeller,2616975
2015,Frank Kaminsky,2612520
2015,Jared Sullinger,2569260
2015,CJ McCollum,2525160
2015,Elfrid Payton,2505720
2015,Leandro Barbosa,2500000
2015,James Johnson,2500000
2015,Terrence Jones,2489530
2015,Justise Winslow,2481720
2015,Shelvin Mack,2433333
2015,Michael Carter-Williams,2399040
2015,Andrew Nicholson,2380593
2015,Doug McDermott,2380440
2015,Myles Turner,2357760
2015,Evan Fournier,2288205
2015,Donatas Motiejunas,2288205
2015,Steven Adams,2279040
2015,Aaron Brooks,2250000
2015,Trey Lyles,2239800
2015,Ramon Sessions,2170465
2015,Steve Blake,2170465
2015,Beno Udrih,2170465
2015,Danny Granger,2170465
2015,Kelly Olynyk,2165160
2015,Zach LaVine,2148360
2015,Kendall Marshall,2144772
2015,Gary Neal,2139000
2015,Jeremy Lin,2139000
2015,Devin Booker,2127840
2015,Miles Plumlee,2109294
2015,Mo Williams,2100000
2015,David Lee,2085671
2015,Shabazz Muhammad,2056920
2015,Joe Ingles,2050000
2015,TJ Warren,2041080
2015,Perry Jones,2038206
2015,Cameron Payne,2021520
2015,Festus Ezeli,2008748
2015,DeJuan Blair,2000000
2015,Kent Bazemore,2000000
2015,Giannis Antetokounmpo,1953960
2015,Adreian Payne,1938840
2015,Kelly Oubre Jr.,1920240
2015,Lucas Nogueira,1842000
2015,Jusuf Nurkic,1842000
2015,Terry Rozier,1824360
2015,Dennis Schroder,1763400
2015,James Young,1749840
2015,Rashad Vaughn,1733040
2015,Ryan Kelly,1724250
2015,Joffrey Lauvergne,1709719
2015,Zoran Dragic,1706225
2015,Tyler Ennis,1662360
2015,Sam Dekker,1646400
2015,Lance Thomas,1636842
2015,Lou Amundson,1635476
2015,Sergey Karasev,1599840
2015,Gary Harris,1584480
2015,Jerian Grant,1572360
2015,Tony Snell,1535880
2015,Bruno Caboclo,1524000
2015,Delon Wright,1509360
2015,Wayne Ellington,1500000
2015,Shane Larkin,1500000
2015,David West,1499187
2015,Gorgui Dieng,1474440
2015,Mitch McGary,1463040
2015,Caron Butler,1449187
2015,Justin Anderson,1449000
2015,Mason Plumlee,1415520
2015,Jordan Adams,1404600
2015,Bobby Portis,1391160
2015,Andrea Bargnani,1362897
2015,Solomon Hill,1358880
2015,Rodney Hood,1348440
2015,Rondae Hollis-Jefferson,1335480
2015,Alonzo Gee,1320000
2015,Tim Hardaway Jr.,1304520
2015,Nikola Jokic,1300000
2015,Shabazz Napier,1294440
2015,Tyus Jones,1282080
2015,Sasha Kaun,1276000
2015,Brandon Rush,1270964
2015,Cartier Martin,1270964
2015,Reggie Bullock,1252440
2015,Clint Capela,1242720
2015,Jarell Martin,1230840
2015,Andre Roberson,1210800
2015,P.J. Hairston,1201440
2015,Boban Marjanovic,1200000
2015,Earl Clark,1185784
2015,Reggie Williams,1185784
2015,Rudy Gobert,1175880
2015,Jordan Mickey,1170960
2015,Toney Douglas,1164858
2015,Archie Goodwin,1160160
2015,CJ Wilcox,1159680
2015,Larry Nance Jr.,1155600
2015,Chris Copeland,1150000
2015,Damjan Rudez,1149500
2015,R.J. Hunter,1148640
2015,Matthew Dellavedova,1147276
2015,Kyle Anderson,1142880
2015,Josh Huestis,1140240
2015,Chris McCullough,1140240
2015,Kevon Looney,1131960
2015,Luke Babbitt,1100602
2015,Henry Walker,1100602
2015,Garrett Temple,1100602
2015,Wesley Johnson,1100602
2015,Jeremy Evans,1100602
2015,Glenn Robinson III,1100000
2015,Richaun Holmes,1074169
2015,Jon Leuer,1035000
2015,Lester Hudson,1015421
2015,James Anderson,1015421
2015,E'Twaun Moore,1015421
2015,Rakeem Christmas,1007026
2015,Joe Young,1007026
2015,Kris Humphries,1000000
2015,Robert Covington,1000000
2015,Montrezl Harrell,1000000
2015,Edy Tavares,1000000
2015,Jerel McNeal,981348
2015,Hassan Whiteside,981348
2015,Quincy Acy,981348
2015,Quincy Miller,981348
2015,John Jenkins,981348
2015,Chris Johnson,981348
2015,Thomas Robinson,981348
2015,Pablo Prigioni,947726
2015,Troy Daniels,947276
2015,Ronnie Price,947276
2015,Isaiah Canaan,947276
2015,Anthony Bennett,947276
2015,Tayshaun Prince,947276
2015,John Lucas III,947276
2015,Tyler Hansbrough,947276
2015,Matt Bonner,947276
2015,Henry Sims,947276
2015,Gerald Green,947276
2015,Justin Holiday,947276
2015,Jason Richardson,947276
2015,Raul Neto,900000
2015,Jimmer Fredette,874837
2015,Damien Inglis,855000
2015,Terrico White,845059
2015,Elijah Millsap,845059
2015,James Michael McAdoo,845059
2015,Jabari Brown,845059
2015,Marcus Landry,845059
2015,Joe Harris,845059
2015,Johnny O'Bryant III,845059
2015,Eric Moreland,845059
2015,JaMychal Green,845059
2015,Russ Smith,845059
2015,Jack Cooley,845059
2015,Tim Frazier,845059
2015,Kostas Papanikolaou,800321
2015,Bryce Cotton,700902
2015,Anthony Brown,700000
2015,Norman Powell,650000
2015,Pat Connaughton,625093
2015,Darrun Hilliard,600000
2015,Jarell Eddie,561716
2015,Deonte Burton,525093
2015,Kyle Casey,525093
2015,T.J. McConnell,525093
2015,Scottie Wilbekin,525093
2015,J.J. O'Brien,525093
2015,Treveon Graham,525093
2015,Melvin Ejim,525093
2015,Branden Dawson,525093
2015,Ronald Roberts Jr.,525093
2015,Jarrid Famous,525093
2015,Jamil Wilson,525093
2015,Duje Dukan,525093
2015,Jonathan Holmes,525093
2015,Lamar Patterson,525093
2015,Michael Beasley,306527
2015,Steve Novak,295327
2015,Anderson Varejao,289755
2015,JJ Hickson,273038
2015,Joe Johnson,261894
2015,JaKarr Sampson,258489
2015,Andre Miller,250750
2015,Jason Thompson,245177
2015,Ryan Hollins,239605
2015,Nazr Mohammed,222888
2015,Ty Lawson,211744
2015,Chase Budinger,206192
2015,Marcus Thornton,200600
2015,Kevin Martin,200600
2015,Andrew Goudelock,200600
2015,Jorge Gutierrez,189455
2015,Bryce Dejean-Jones,169883
2015,Tony Wroten,167406
2015,Sean Kilpatrick,134215
2015,Lorenzo Brown,111444
2015,Jeff Ayres,111444
2015,Jordan McRae,111196
2015,Erick Green,99418
2015,Alan Williams,83397
2015,Keith Appling,61776
2015,Orlando Johnson,55722
2015,Elliot Williams,55722
2015,Phil Pressey,55722
2015,Cory Jefferson,49709
2015,Thanasis Antetokounmpo,30888
2016,LeBron James,30963450
2016,Chris Paul,22868827
2016,Chandler Parsons,22116750
2016,Bradley Beal,22116750
2016,Anthony Davis,22116750
2016,Derrick Rose,21323252
2016,Marc Gasol,21165675
2016,DeAndre Jordan,21165675
2016,Brook Lopez,21165675
2016,Kevin Love,21165675
2016,Nicolas Batum,20869566
2016,Mike Conley,26540100
2016,LaMarcus Aldridge,20575005
2016,Blake Griffin,20140839
2016,Paul Millsap,20072033
2016,Ryan Anderson,18735364
2016,Allen Crabbe,18500000
2016,Paul George,18314532
2016,Luol Deng,18000000
2016,Kawhi Leonard,17638063
2016,Kyrie Irving,17638063
2016,Jimmy Butler,17552209
2016,Al Horford,26540100
2016,Tobias Harris,17200000
2016,Greg Monroe,17145838
2016,Enes Kanter,17145838
2016,Wesley Matthews,17145838
2016,Bismack Biyombo,17000000
2016,Joakim Noah,17000000
2016,John Wall,16957900
2016,DeMarcus Cousins,16957900
2016,Klay Thompson,16663575
2016,Evan Turner,16393443
2016,Dirk Nowitzki,25000000
2016,Gordon Hayward,16073140
2016,Carmelo Anthony,24559380
2016,Damian Lillard,24328425
2016,Chris Bosh,23741060
2016,Dwyane Wade,23200000
2016,Dwight Howard,23180275
2016,Timofey Mozgov,16000000
2016,Ian Mahinmi,15944154
2016,Goran Dragic,15891725
2016,Kent Bazemore,15730338
2016,Pau Gasol,15500000
2016,Draymond Green,15330435
2016,Tristan Thompson,15330435
2016,Khris Middleton,15200000
2016,Danilo Gallinari,15050000
2016,Jeff Green,15000000
2016,Reggie Jackson,14956522
2016,Tony Parker,14445313
2016,Jonas Valanciunas,14382023
2016,DeMarre Carroll,14200000
2016,Thaddeus Young,14153652
2016,Manu Ginobili,14000000
2016,Rajon Rondo,14000000
2016,Ricky Rubio,13550000
2016,Rudy Gay,13333333
2016,Jamal Crawford,13253012
2016,Robin Lopez,13219250
2016,Michael Kidd-Gilchrist,13000000
2016,JR Smith,12800000
2016,Brandon Knight,12606250
2016,John Henson,12517606
2016,Arron Afflalo,12500000
2016,Jordan Clarkson,12500000
2016,Miles Plumlee,12500000
2016,Tyson Chandler,12415000
2016,Eric Gordon,12385364
2016,Marvin Williams,12250000
2016,Serge Ibaka,12250000
2016,Stephen Curry,12112359
2016,Nikola Pekovic,12100000
2016,Kenneth Faried,12078652
2016,Kemba Walker,12000000
2016,Amir Johnson,12000000
2016,Marcin Gortat,12000000
2016,Nikola Vucevic,11750000
2016,Jeremy Lin,11483254
2016,Iman Shumpert,9662922
2016,Matthew Dellavedova,9607500
2016,Jerryd Bayless,9424084
2016,Trevor Booker,9250000
2016,Meyers Leonard,9213483
2016,Gerald Henderson,9000000
2016,Maurice Harkless,8988765
2016,Taj Gibson,8950000
2016,Jeff Teague,8800000
2016,Tiago Splitter,8550000
2016,Ersan Ilyasova,8400000
2016,Dwight Powell,8375000
2016,Avery Bradley,8269663
2016,E'Twaun Moore,8081363
2016,Darrell Arthur,8070175
2016,Kosta Koufos,8046500
2016,Garrett Temple,8000000
2016,Tyler Zeller,8000000
2016,Sergio Rodriguez,8000000
2016,Anthony Tolliver,8000000
2016,George Hill,8000000
2016,Jrue Holiday,11286518
2016,Courtney Lee,11242000
2016,Solomon Hill,11241218
2016,Wilson Chandler,11233146
2016,Andre Iguodala,11131368
2016,Derrick Favors,11050000
2016,Austin Rivers,11000000
2016,Joe Johnson,11000000
2016,Jon Leuer,10991957
2016,Monta Ellis,10763500
2016,Mirza Teletovic,10500000
2016,Jared Dudley,10470000
2016,Zach Randolph,10361445
2016,Al Jefferson,10314532
2016,Tyreke Evans,10203755
2016,Alec Burks,10154495
2016,Danny Green,10000000
2016,Terrence Ross,10000000
2016,Omer Asik,9904494
2016,Trevor Ariza,7806971
2016,Channing Frye,7806971
2016,Al-Farouq Aminu,7680965
2016,Cole Aldrich,7643979
2016,Corey Brewer,7612172
2016,Markieff Morris,7400000
2016,Festus Ezeli,7400000
2016,JJ Redick,7377500
2016,Cory Joseph,7315000
2016,D.J. Augustin,7250000
2016,Lou Williams,7000000
2016,Boris Diaw,7000000
2016,Rodney Stuckey,7000000
2016,Ed Davis,6666667
2016,Isaiah Thomas,6587132
2016,Victor Oladipo,6552961
2016,Jodie Meeks,6540000
2016,Jeremy Lamb,6511628
2016,Carl Landry,6500000
2016,Aron Baynes,6500000
2016,Tim Duncan,6393750
2016,Spencer Hawes,6348759
2016,Marco Belinelli,6333333
2016,Jae Crowder,6286408
2016,Lance Thomas,6191000
2016,Tarik Black,6191000
2016,Andrew Nicholson,6088993
2016,Patrick Patterson,6050000
2016,Andrew Wiggins,6006600
2016,Ramon Sessions,6000000
2016,Patrick Beverley,6000000
2016,Wayne Ellington,6000000
2016,Ish Smith,6000000
2016,Alex Abrines,5994764
2016,Karl-Anthony Towns,5960160
2016,Ben Simmons,5903160
2016,Otto Porter Jr.,5893981
2016,Shaun Livingston,5782450
2016,Nikola Mirotic,5782450
2016,Brandan Wright,5709880
2016,Tyler Johnson,5628000
2016,Jared Sullinger,5628000
2016,Wesley Johnson,5628000
2016,Tony Allen,5505618
2016,Luis Scola,5500000
2016,Nick Young,5443918
2016,Jabari Parker,5374320
2016,D'Angelo Russell,5332800
2016,Cody Zeller,5318313
2016,PJ Tucker,5300000
2016,Brandon Ingram,5281680
2016,Kyle Korver,5239437
2016,Darren Collison,5229454
2016,Langston Galloway,5200000
2016,Jason Smith,5000000
2016,Brandon Jennings,5000000
2016,C.J. Watson,5000000
2016,Roy Hibbert,5000000
2016,Kyle Singler,4837500
2016,Mike Dunleavy,4837500
2016,Joel Embiid,4826160
2016,Alex Len,4823621
2016,Jahlil Okafor,4788840
2016,Jaylen Brown,4743000
2016,Alexis Ajinca,4638203
2016,Marcus Morris,4625000
2016,CJ Miles,4583450
2016,Jameer Nelson,4540525
2016,Nerlens Noel,4384490
2016,Aaron Gordon,4351320
2016,Greivis Vasquez,4347826
2016,Kristaps Porzingis,4317720
2016,Dragan Bender,4276320
2016,Vince Carter,4264057
2016,Devin Harris,4227996
2016,J.J. Barea,4096950
2016,Ben McLemore,4008882
2016,Lavoy Allen,4000000
2016,Udonis Haslem,4000000
2016,Kris Humphries,4000000
2016,Leandro Barbosa,4000000
2016,Lance Stephenson,4000000
2016,Dante Exum,3940320
2016,Kyle O'Quinn,3918750
2016,Mario Hezonja,3909840
2016,Kris Dunn,3872520
2016,Thabo Sefolosha,3850000
2016,Nemanja Bjelica,3800000
2016,Nick Collison,3750000
2016,Bojan Bogdanovic,3730653
2016,Kentavious Caldwell-Pope,3678319
2016,Quincy Pondexter,3617978
2016,Patty Mills,3578948
2016,Marcus Smart,3578880
2016,Willie Cauley-Stein,3551160
2016,Drew Gooden,3547000
2016,Will Barton,3533333
2016,Paul Pierce,3527920
2016,Buddy Hield,3517200
2016,Brandon Rush,3500000
2016,Mike Miller,3500000
2016,Anthony Morrow,3488000
2016,Trey Burke,3386598
2016,Mike Scott,3333334
2016,KJ McDaniels,3333333
2016,Troy Daniels,3332940
2016,Julius Randle,3267120
2016,Emmanuel Mudiay,3241800
2016,CJ McCollum,3219579
2016,Jamal Murray,3210840
2016,Michael Carter-Williams,3183526
2016,Steven Adams,3140517
2016,Kelly Olynyk,3094014
2016,Shabazz Muhammad,3046299
2016,Justin Hamilton,3000000
2016,Tibor Pleiss,3000000
2016,Giannis Antetokounmpo,2995421
2016,Nik Stauskas,2993040
2016,Dante Cunningham,2978250
2016,Stanley Johnson,2969880
2016,Marquese Chriss,2941440
2016,Dion Waiters,2898000
2016,Mindaugas Kuzminskas,2898000
2016,Seth Curry,2898000
2016,Dewayne Dedmon,2898000
2016,Tomas Satoransky,2870813
2016,Noah Vonleh,2751360
2016,Frank Kaminsky,2730000
2016,Dennis Schroder,2708582
2016,Jakob Poeltl,2703960
2016,Aaron Brooks,2700000
2016,Elfrid Payton,2613600
2016,Justise Winslow,2593440
2016,Thon Maker,2568600
2016,Randy Foye,2500000
2016,Malcolm Delaney,2500000
2016,Doug McDermott,2483040
2016,Myles Turner,2463840
2016,Domantas Sabonis,2440200
2016,Shelvin Mack,2433334
2016,Tony Snell,2368327
2016,Gorgui Dieng,2348783
2016,Trey Lyles,2340600
2016,Mason Plumlee,2328530
2016,Dario Saric,2318280
2016,Taurean Prince,2318280
2016,Tim Hardaway Jr.,2281605
2016,Reggie Bullock,2255644
2016,Zach LaVine,2240880
2016,Devin Booker,2223600
2016,Luc Mbah a Moute,2203000
2016,Georgios Papagiannis,2202240
2016,Mo Williams,2194500
2016,Andre Roberson,2183072
2016,Joe Ingles,2150000
2016,TJ Warren,2128920
2016,Rudy Gobert,2121288
2016,Cameron Payne,2112480
2016,Denzel Valentine,2092200
2016,Tim Frazier,2090000
2016,Kendall Marshall,2048257
2016,Adreian Payne,2022240
2016,Kelly Oubre Jr.,2006640
2016,Juan Hernangomez,1987440
2016,Lucas Nogueira,1921320
2016,Jusuf Nurkic,1921320
2016,Terry Rozier,1906440
2016,James Young,1825200
2016,Rashad Vaughn,1811040
2016,Kevin Seraphin,1800000
2016,Wade Baldwin IV,1793760
2016,Quincy Acy,1790092
2016,Tyler Ennis,1733880
2016,Sam Dekker,1720560
2016,Joffrey Lauvergne,1709719
2016,Henry Ellenson,1704120
2016,Gary Harris,1655880
2016,Jerian Grant,1643040
2016,Malik Beasley,1627320
2016,Bruno Caboclo,1589640
2016,Delon Wright,1577280
2016,Caris LeVert,1562280
2016,David Lee,1551659
2016,Caron Butler,1551659
2016,Mitch McGary,1526040
2016,Justin Anderson,1514160
2016,Marcelo Huertas,1500000
2016,DeAndre' Bembry,1499760
2016,Jordan Adams,1465080
2016,Bobby Portis,1453680
2016,Demetrius Jackson,1450000
2016,Malachi Richardson,1439800
2016,Rodney Hood,1406520
2016,Marreese Speights,1403611
2016,JaVale McGee,1403611
2016,Michael Beasley,1403611
2016,Rondae Hollis-Jefferson,1395600
2016,Deyonta Davis,1369299
2016,Nikola Jokic,1358500
2016,Shabazz Napier,1350120
2016,Willy Hernangomez,1350000
2016,Guillermo Hernangomez,1350000
2016,Tyus Jones,1339680
2016,Sasha Kaun,1333240
2016,Timothe Luwawu-Cabarrot,1326960
2016,Clint Capela,1296240
2016,Jarell Martin,1286160
2016,Brice Johnson,1273920
2016,Luke Babbitt,1227286
2016,Jeremy Evans,1227286
2016,Jordan Mickey,1223653
2016,CJ Wilcox,1209600
2016,Larry Nance Jr.,1207680
2016,Pascal Siakam,1196040
2016,Kyle Anderson,1192080
2016,Josh Huestis,1191480
2016,Chris McCullough,1191480
2016,Livio Jean-Charles,1188840
2016,Skal Labissiere,1188840
2016,Kevon Looney,1182840
2016,Dejounte Murray,1180080
2016,Damian Jones,1171560
2016,Isaiah Whitehead,1074145
2016,Joe Young,1052342
2016,Rakeem Christmas,1052342
2016,Tony Wroten,1050961
2016,John Jenkins,1050961
2016,Chris Johnson,1050961
2016,Glenn Robinson III,1050500
2016,Montrezl Harrell,1045000
2016,Ivica Zubac,1034956
2016,Richaun Holmes,1025831
2016,DeAndre Liggins,1015696
2016,Lorenzo Brown,1015696
2016,Mike Muscala,1015696
2016,Isaiah Canaan,1015696
2016,Anthony Bennett,1015696
2016,Willie Reed,1015696
2016,Justin Holiday,1015696
2016,Edy Tavares,1000000
2016,Cory Jefferson,980431
2016,James Michael McAdoo,980431
2016,Eric Moreland,980431
2016,Devyn Marble,980431
2016,JaMychal Green,980431
2016,Brian Roberts,980431
2016,Jerami Grant,980431
2016,Henry Sims,980431
2016,Nate Wolters,980431
2016,Jordan Farmar,980431
2016,Will Bynum,980431
2016,Stephen Zimmerman,950000
2016,Andrew Harrison,945000
2016,Raul Neto,937800
2016,Malcolm Brogdon,925000
2016,Tyler Ulis,918369
2016,Reggie Williams,895197
2016,Xavier Munford,874636
2016,Christian Wood,874636
2016,T.J. McConnell,874636
2016,Jordan McRae,874636
2016,Norman Powell,874636
2016,DJ Stephens,874636
2016,D.J. Kennedy,874636
2016,Darrun Hilliard,874636
2016,Alan Williams,874636
2016,Grant Jerrett,874636
2016,Duje Dukan,874636
2016,Cliff Alexander,874636
2016,R.J. Hunter,864346
2016,Paul Zipser,750000
2016,Spencer Dinwiddie,726672
2016,Bobby Brown,680534
2016,AJ Hammons,650000
2016,Georges Niang,650000
2016,Michael Gbinije,650000
2016,Jake Layman,600000
2016,Joel Bolomboy,600000
2016,Donatas Motiejunas,576724
2016,E.J. Singler,543471
2016,Drew Crawford,543471
2016,Kay Felder,543471
2016,Fred VanVleet,543471
2016,Yanick Moreira,543471
2016,Kyle Wiltjer,543471
2016,Kyle Collinsworth,543471
2016,Brady Heslip,543471
2016,Vince Hunter,543471
2016,Andrew Andrews,543471
2016,Marcus Paige,543471
2016,Rasheed Sulaimon,543471
2016,Isaiah Cousins,543471
2016,Quincy Ford,543471
2016,Nick Zeisloft,543471
2016,Nicolas Brussino,543471
2016,Jonathan Holmes,543471
2016,Sheldon Mac,543471
2016,Jonathan Gibson,469943
2016,Toney Douglas,379159
2016,Joel Anthony,346034
2016,Ryan Kelly,286785
2016,Ronnie Price,276828
2016,Deron Williams,259526
2016,Isaiah Taylor,255000
2016,Norris Cole,247991
2016,Jose Calderon,247991
2016,Lamar Patterson,246956
2016,Andrew Bogut,242224
2016,Matt Barnes,242224
2016,Okaro White,210995
2016,Yogi Ferrell,207798
2016,Larry Sanders,207722
2016,Jordan Crawford,173099
2016,Johnny O'Bryant III,161483
2016,Chasson Randle,143860
2016,Omri Casspi,138414
2016,Briante Weber,128623
2016,Ray McCallum,121112
2016,Hollis Thompson,115344
2016,Derrick Williams,115344
2016,Manny Harris,115344
2016,Shawn Long,89513
2016,Wayne Selden,83119
2016,Troy Williams,76725
2016,Archie Goodwin,75000
2016,David Nwaba,73528
2016,Mike Tobey,67135
2016,Justin Harper,57672
2016,Anthony Brown,57672
2016,Jarell Eddie,57672
2016,Alonzo Gee,57672
2016,Jarrett Jack,57672
2016,Jarrod Uthoff,47953
2016,Alex Poythress,35166
2016,Gary Payton II,35116
2016,Pierre Jackson,31969
2016,Patricio Garino,31969
2016,Marcus Georges-Hunt,31969
2016,Elijah Millsap,23069
2016,Quinn Cook,15984
2016,Axel Toupane,15435
2016,Dahntay Jones,5767
